ID	title	language	region	release_date	serial
BLES-02243	Handball 17	Danish / English / French / German / Norwegian / Spanish / Swedish	PAL	N/A	BLES-02243
BLES-02244	The Legend of Heroes: Trails of Cold Steel II	English	PAL	N/A	BLES-02244
BLES-02245	Batman: The Telltale Series	Chinese / English / French / German / Portuguese / Russian / Spanish	PAL	N/A	BLES-02245
BLES-02246	Minecraft: Story Mode: A Telltale Games Series: The Complete Adventure	Chinese / English / French / German / Portuguese / Russian / Spanish	PAL	N/A	BLES-02246
BLES-02247	Persona 5	English	PAL	N/A	BLES-02247
BLES-02249	Disney/Pixar Cars 3: Driven to Win	Dutch / English / French / German / Italian / Polish / Russian / Spanish	PAL	N/A	BLES-02249
BLES-02250	FIFA 18: Legacy Edition	Dutch / English / French / German / Italian / Polish / Russian / Spanish	PAL	N/A	BLES-02250
BLES-02252	PES 2018: Pro Evolution Soccer	Dutch / English / French / German / Greek / Italian / Portuguese / Russian / Spanish / Swedish / Turkish	PAL	N/A	BLES-02252
BLES-02254	Just Dance 2018	Danish / Dutch / English / Finnish / French / German / Italian / Norwegian / Portuguese / Spanish / Swedish	PAL	N/A	BLES-02254
BLES-02255	NBA 2K18	Chinese / English / French / German / Italian / Japanese / Spanish	PAL	N/A	BLES-02255
BLES-02258	FIFA 19: Legacy Edition	Dutch / English / French / German / Italian / Polish / Russian / Spanish	PAL	N/A	BLES-02258
BLES-82001	Metal Gear Solid: The Legacy Collection 1987-2012 (Disc 2)	English / French / German / Italian / Spanish	PAL	N/A	BLES-82001
BLES-82007	Borderlands Triple Pack (Gameplay Disc)	English / French / German / Italian / Spanish	PAL	N/A	BLES-82007
BLJB-93504	Final Fantasy XIII-2	Japanese	NTSC-J	N/A	BLJB-93504
BLJB-93601	Final Fantasy XIII	Japanese	NTSC-J	N/A	BLJB-93601
BLJM-55002	Wangan Midnight	Japanese	NTSC-J	N/A	BLJM-55002
BLJM-55003	Bladestorm: Hyakunen Sensou	Japanese	NTSC-J	N/A	BLJM-55003
BLJM-55005	Armored Core: For Answer	Japanese	NTSC-J	N/A	BLJM-55005
BLJM-55006	Ryuu ga Gotoku: Kenzan!	Japanese	NTSC-J	N/A	BLJM-55006
BLJM-55008	Senjou no Valkyria	Japanese	NTSC-J	N/A	BLJM-55008
BLJM-55009	Shin Sangoku Musou 5	Japanese	NTSC-J	N/A	BLJM-55009
BLJM-55011	Grand Theft Auto IV	Japanese	NTSC-J	N/A	BLJM-55011
BLJM-55012	Ryuu ga Gotoku 3	N/A	NTSC-J	N/A	BLJM-55012
BLJM-55016	Bayonetta	English / French / German / Italian / Japanese / Spanish	NTSC-J	N/A	BLJM-55016
BLJM-55017	Devil May Cry 4	English / French / German / Italian / Japanese / Spanish	NTSC-J	N/A	BLJM-55017
BLJM-55018	Rorona no Atelier: Arland no Renkinjutsushi	Japanese	NTSC-J	N/A	BLJM-55018
BLJM-55019	Biohazard 5: Alternative Edition	English / French / German / Italian / Japanese / Spanish	NTSC-J	N/A	BLJM-55019
BLJM-55020	Shin Sangoku Musou 5: Empires	Japanese	NTSC-J	N/A	BLJM-55020
BLJM-55021	Ryuu ga Gotoku 4: Densetsu o Tsugu Mono	Japanese	NTSC-J	N/A	BLJM-55021
BLJM-55024	Totori no Atelier: Arland no Renkinjutsushi 2	Japanese	NTSC-J	N/A	BLJM-55024
BLJM-55025	Ryuu ga Gotoku: Kenzan!	Japanese	NTSC-J	N/A	BLJM-55025
BLJM-55026	Ryuu ga Gotoku 3	N/A	NTSC-J	N/A	BLJM-55026
BLJM-55031	Musou Orochi Z	Japanese	NTSC-J	N/A	BLJM-55031
BLJM-55032	Ryuu ga Gotoku 4: Densetsu o Tsugu Mono	Japanese	NTSC-J	N/A	BLJM-55032
BLJM-55033	Sengoku Basara 3	Japanese	NTSC-J	N/A	BLJM-55033
BLJM-55035	Dead Rising 2	N/A	NTSC-J	N/A	BLJM-55035
BLJM-55036	Super Street Fighter IV: Arcade Edition	N/A	NTSC-J	N/A	BLJM-55036
BLJM-55037	The Elder Scrolls IV: Oblivion: Game of the Year Edition	N/A	NTSC-J	N/A	BLJM-55037
BLJM-55038	Fallout 3: Game of the Year Edition	Japanese	NTSC-J	N/A	BLJM-55038
BLJM-55039	Rorona no Atelier: Arland no Renkinjutsushi	Japanese	NTSC-J	N/A	BLJM-55039
BLJM-55041	Meruru no Atelier: Arland no Renkinjutsushi 3	Japanese	NTSC-J	N/A	BLJM-55041
BLJM-55046	Ninja Gaiden Sigma	English / Japanese	NTSC-J	N/A	BLJM-55046
BLJM-55050	Bladestorm: Hyakunen Sensou	Japanese	NTSC-J	N/A	BLJM-55050
BLJM-55059	The Elder Scrolls V: Skyrim	Japanese	NTSC-J	N/A	BLJM-55059
BLJM-55060	BlazBlue: Continuum Shift Extend	Japanese	NTSC-J	N/A	BLJM-55060
BLJM-55061	Ookami: Zekkeiban	English / Japanese	NTSC-J	N/A	BLJM-55061
BLJM-55062	Battlefield 3	Japanese	NTSC-J	N/A	BLJM-55062
BLJM-55063	Zone of the Enders: HD Edition	N/A	NTSC-J	N/A	BLJM-55063
BLJM-55064	Biohazard: Chronicles HD Selection	Japanese	NTSC-J	N/A	BLJM-55064
BLJM-55068	Biohazard: Revival Selection	Japanese	NTSC-J	N/A	BLJM-55068
BLJM-55069	Biohazard 6	English / French / German / Italian / Japanese / Polish / Portuguese / Russian / Spanish	NTSC-J	N/A	BLJM-55069
BLJM-55071	Biohazard: Revelations: Unveiled Edition	Dutch / English / French / German / Italian / Japanese / Polish / Portuguese / Russian / Spanish	NTSC-J	N/A	BLJM-55071
BLJM-55082	Musou Orochi 2 Ultimate	N/A	NTSC-J	N/A	BLJM-55082
BLJM-55086	Sengoku Musou 4	N/A	NTSC-J	N/A	BLJM-55086
BLJM-57001	Metal Gear Solid 4: Guns of the Patriots	Japanese	NTSC-J	N/A	BLJM-57001
BLJM-60006	Sonic the Hedgehog	N/A	NTSC-J	N/A	BLJM-60006
BLJM-60007	Miyazato San Kyoudai Naizou: Sega Golf Club	Japanese	NTSC-J	N/A	BLJM-60007
BLJM-60009	Bladestorm: Hyakunen Sensou	N/A	NTSC-J	N/A	BLJM-60009
BLJM-60011	Mahjong Taikai IV	N/A	NTSC-J	N/A	BLJM-60011
BLJM-60012	Armored Core 4	Japanese	NTSC-J	N/A	BLJM-60012
BLJM-60013	Railfan	Japanese	NTSC-J	N/A	BLJM-60013
BLJM-60016	Virtua Fighter 5	N/A	NTSC-J	N/A	BLJM-60016
BLJM-60017	Power Smash 3	N/A	NTSC-J	N/A	BLJM-60017
BLJM-60018	Gundam Musou	Japanese	NTSC-J	N/A	BLJM-60018
BLJM-60019	Winning Post 7 Maximum 2007	N/A	NTSC-J	N/A	BLJM-60019
BLJM-60020	Fight Night Round 3	N/A	NTSC-J	N/A	BLJM-60020
BLJM-60021	Madden NFL 07	English	NTSC-J	N/A	BLJM-60021
BLJM-60022	Mist of Chaos	Japanese	NTSC-J	N/A	BLJM-60022
BLJM-60023	Pro Yakyuu Spirits 4	Japanese	NTSC-J	N/A	BLJM-60023
BLJM-60024	Tom Clancy's Rainbow Six: Vegas	N/A	NTSC-J	N/A	BLJM-60024
BLJM-60025	NBA Street Homecourt	Japanese	NTSC-J	N/A	BLJM-60025
BLJM-60026	Marvel: Ultimate Alliance	N/A	NTSC-J	N/A	BLJM-60026
BLJM-60027	Call of Duty 3	N/A	NTSC-J	N/A	BLJM-60027
BLJM-60029	Def Jam: Icon	English / French	NTSC-J	N/A	BLJM-60029
BLJM-60030	Tony Hawk's Project 8	N/A	NTSC-J	N/A	BLJM-60030
BLJM-60031	Major League Baseball 2K7	N/A	NTSC-J	N/A	BLJM-60031
BLJM-60033	Yamasa Digi World SP: Pachi-Slot Sengoku Musou	N/A	NTSC-J	N/A	BLJM-60033
BLJM-60034	Disney Pirates of the Caribbean: At World's End	Japanese	NTSC-J	N/A	BLJM-60034
BLJM-60035	World Soccer Winning Eleven 2008	English / Japanese	NTSC-J	N/A	BLJM-60035
BLJM-60037	Megazone 23: Aoi Garland	N/A	NTSC-J	N/A	BLJM-60037
BLJM-60038	Agarest Senki	Japanese	NTSC-J	N/A	BLJM-60038
BLJM-60039	Disney/Pixar Remy no Oishii Restaurant	N/A	NTSC-J	N/A	BLJM-60039
BLJM-60040	Tom Clancy's Ghost Recon: Advanced Warfighter 2	Japanese	NTSC-J	N/A	BLJM-60040
BLJM-60041	Shin Sangoku Musou 5	Japanese	NTSC-J	N/A	BLJM-60041
BLJM-60042	Imabikisou	Japanese	NTSC-J	N/A	BLJM-60042
BLJM-60043	The Godfather: The Don's Edition	N/A	NTSC-J	N/A	BLJM-60043
BLJM-60044	Need for Speed: Carbon	Japanese	NTSC-J	N/A	BLJM-60044
BLJM-60045	NBA Live 08	N/A	NTSC-J	N/A	BLJM-60045
BLJM-60046	FIFA 08: World Class Soccer	N/A	NTSC-J	N/A	BLJM-60046
BLJM-60047	WWE SmackDown vs. Raw 2008	N/A	NTSC-J	N/A	BLJM-60047
BLJM-60048	Harry Potter to Fushichou no Kishidan	N/A	NTSC-J	N/A	BLJM-60048
BLJM-60049	GI Jockey 4 2007	N/A	NTSC-J	N/A	BLJM-60049
BLJM-60051	Conan	Japanese	NTSC-J	N/A	BLJM-60051
BLJM-60052	Stuntman: Ignition	N/A	NTSC-J	N/A	BLJM-60052
BLJM-60053	Burnout Paradise	Japanese	NTSC-J	N/A	BLJM-60053
BLJM-60055	Initial D: Extreme Stage	N/A	NTSC-J	N/A	BLJM-60055
BLJM-60056	Devil May Cry 4	English / French / German / Italian / Japanese / Spanish	NTSC-J	N/A	BLJM-60056
BLJM-60057	Sega Rally Revo	N/A	NTSC-J	N/A	BLJM-60057
BLJM-60059	Need for Speed: ProStreet	Japanese	NTSC-J	N/A	BLJM-60059
BLJM-60060	Vampire Rain: Altered Species	N/A	NTSC-J	N/A	BLJM-60060
BLJM-60061	Lost Planet: Extreme Condition	English / French / German / Italian / Japanese / Korean / Spanish	NTSC-J	N/A	BLJM-60061
BLJM-60063	Senjou no Valkyria	Japanese	NTSC-J	N/A	BLJM-60063
BLJM-60064	Ryuu ga Gotoku: Kenzan!	Japanese	NTSC-J	N/A	BLJM-60064
BLJM-60065	Tears to Tiara: Kakan no Daichi	Japanese	NTSC-J	N/A	BLJM-60065
BLJM-60066	Armored Core: For Answer	Japanese	NTSC-J	N/A	BLJM-60066
BLJM-60067	Winning Post 7 Maximum 2008	N/A	NTSC-J	N/A	BLJM-60067
BLJM-60068	Lyra no Bouken: Ougon no Rashinban	N/A	NTSC-J	N/A	BLJM-60068
BLJM-60069	Army of Two	N/A	NTSC-J	N/A	BLJM-60069
BLJM-60071	Battlefield: Bad Company	English / Japanese	NTSC-J	N/A	BLJM-60071
BLJM-60072	Blazing Angels 2: Secret Missions of WWII	N/A	NTSC-J	N/A	BLJM-60072
BLJM-60075	Pro Yakyuu Spirits 5	N/A	NTSC-J	N/A	BLJM-60075
BLJM-60076	Turok	Japanese	NTSC-J	N/A	BLJM-60076
BLJM-60077	Battle Fantasia	Japanese	NTSC-J	N/A	BLJM-60077
BLJM-60078	John Woo Presents Stranglehold	English / French / German / Italian / Japanese / Spanish	NTSC-J	N/A	BLJM-60078
BLJM-60079	FIFA Street 3	N/A	NTSC-J	N/A	BLJM-60079
BLJM-60080	Beijing 2008	N/A	NTSC-J	N/A	BLJM-60080
BLJM-60081	Tears to Tiara: Kakan no Daichi	Japanese	NTSC-J	N/A	BLJM-60081
BLJM-60082	Metal Gear Online	English / French / German / Italian / Japanese / Spanish	NTSC-J	N/A	BLJM-60082
BLJM-60084	Disney/Pixar WALL-E	N/A	NTSC-J	N/A	BLJM-60084
BLJM-60085	GI Jockey 4 2008	N/A	NTSC-J	N/A	BLJM-60085
BLJM-60086	X Edge	Japanese	NTSC-J	N/A	BLJM-60086
BLJM-60087	Tiger Woods PGA Tour 09	N/A	NTSC-J	N/A	BLJM-60087
BLJM-60088	Madden NFL 09	N/A	NTSC-J	N/A	BLJM-60088
BLJM-60089	Saints Row 2	English / Japanese	NTSC-J	N/A	BLJM-60089
BLJM-60090	Unreal Tournament 3	N/A	NTSC-J	N/A	BLJM-60090
BLJM-60093	Grand Theft Auto IV	Japanese	NTSC-J	N/A	BLJM-60093
BLJM-60094	Tears to Tiara: Kakan no Daichi	N/A	NTSC-J	N/A	BLJM-60094
BLJM-60095	FaceBreaker	N/A	NTSC-J	N/A	BLJM-60095
BLJM-60096	NBA Live 09	N/A	NTSC-J	N/A	BLJM-60096
BLJM-60097	WWE SmackDown vs. Raw 2009	N/A	NTSC-J	N/A	BLJM-60097
BLJM-60098	World Soccer Winning Eleven 2009	English / Japanese	NTSC-J	N/A	BLJM-60098
BLJM-60099	Major League Baseball 2K8	N/A	NTSC-J	N/A	BLJM-60099
BLJM-60100	Brothers in Arms: Hell's Highway	N/A	NTSC-J	N/A	BLJM-60100
BLJM-60101	Mercenaries 2: World in Flames	Japanese	NTSC-J	N/A	BLJM-60101
BLJM-60103	FIFA 09: World Class Soccer	N/A	NTSC-J	N/A	BLJM-60103
BLJM-60104	Mirror's Edge	N/A	NTSC-J	N/A	BLJM-60104
BLJM-60107	Prince of Persia	English / Japanese	NTSC-J	N/A	BLJM-60107
BLJM-60108	Far Cry 2	N/A	NTSC-J	N/A	BLJM-60108
BLJM-60110	Assassin's Creed	Japanese	NTSC-J	N/A	BLJM-60110
BLJM-60111	Gundam Musou 2	Japanese	NTSC-J	N/A	BLJM-60111
BLJM-60112	Sonic World Adventure	English / Japanese	NTSC-J	N/A	BLJM-60112
BLJM-60114	Medal of Honor: Airborne	N/A	NTSC-J	N/A	BLJM-60114
BLJM-60115	Need for Speed: Undercover	Japanese	NTSC-J	N/A	BLJM-60115
BLJM-60116	Alone in the Dark	N/A	NTSC-J	N/A	BLJM-60116
BLJM-60118	Race Driver: Grid	N/A	NTSC-J	N/A	BLJM-60118
BLJM-60120	Pro Yakyuu Spirits 5: Kanzenban	N/A	NTSC-J	N/A	BLJM-60120
BLJM-60122	Extreme Racing Pure	N/A	NTSC-J	N/A	BLJM-60122
BLJM-60123	Sid Meier's Civilization Revolution	N/A	NTSC-J	N/A	BLJM-60123
BLJM-60124	Bionic Commando	N/A	NTSC-J	N/A	BLJM-60124
BLJM-60126	Shin Sangoku Musou 5: Empires	Japanese	NTSC-J	N/A	BLJM-60126
BLJM-60127	Drift Nights: Juiced 2	N/A	NTSC-J	N/A	BLJM-60127
BLJM-60128	Tom Clancy's EndWar	N/A	NTSC-J	N/A	BLJM-60128
BLJM-60129	Daikoukai Jidai Online: Cruz del Sur	N/A	NTSC-J	N/A	BLJM-60129
BLJM-60130	Street Fighter IV	N/A	NTSC-J	N/A	BLJM-60130
BLJM-60131	Shaun White Snowboarding	N/A	NTSC-J	N/A	BLJM-60131
BLJM-60132	Ryuu ga Gotoku 3	Japanese	NTSC-J	N/A	BLJM-60132
BLJM-60133	Burnout Paradise: The Ultimate Box	English / French / German / Italian / Japanese / Spanish	NTSC-J	N/A	BLJM-60133
BLJM-60136	Tom Clancy's EndWar	N/A	NTSC-J	N/A	BLJM-60136
BLJM-60137	007: Nagusame no Houshuu	Japanese	NTSC-J	N/A	BLJM-60137
BLJM-60139	Musou Orochi Z	Japanese	NTSC-J	N/A	BLJM-60139
BLJM-60140	Winning Post World	N/A	NTSC-J	N/A	BLJM-60140
BLJM-60141	Skate.	N/A	NTSC-J	N/A	BLJM-60141
BLJM-60142	Army of Two	N/A	NTSC-J	N/A	BLJM-60142
BLJM-60144	Tom Clancy's H.A.W.X	Japanese	NTSC-J	N/A	BLJM-60144
BLJM-60145	Mahjong Fight Club: Zenkoku Taisenban	N/A	NTSC-J	N/A	BLJM-60145
BLJM-60146	WWE Legends of WrestleMania	N/A	NTSC-J	N/A	BLJM-60146
BLJM-60148	Pro Yakyuu Spirits 6	N/A	NTSC-J	N/A	BLJM-60148
BLJM-60149	X-Blades	Japanese	NTSC-J	N/A	BLJM-60149
BLJM-60151	Agarest Senki	Japanese	NTSC-J	N/A	BLJM-60151
BLJM-60152	Operation Flashpoint: Dragon Rising	N/A	NTSC-J	N/A	BLJM-60152
BLJM-60153	Call of Juarez: Bound in Blood	N/A	NTSC-J	N/A	BLJM-60153
BLJM-60154	Rorona no Atelier: Arland no Renkinjutsushi	N/A	NTSC-J	N/A	BLJM-60154
BLJM-60155	Agarest Senki Zero	N/A	NTSC-J	N/A	BLJM-60155
BLJM-60157	BlazBlue: Calamity Trigger	Japanese	NTSC-J	N/A	BLJM-60157
BLJM-60158	Battlefield: Bad Company	English / Japanese	NTSC-J	N/A	BLJM-60158
BLJM-60159	Tom Clancy's Rainbow Six: Vegas 2	N/A	NTSC-J	N/A	BLJM-60159
BLJM-60160	F.E.A.R. 2: Project Origin	N/A	NTSC-J	N/A	BLJM-60160
BLJM-60161	Trinity Universe	Japanese	NTSC-J	N/A	BLJM-60161
BLJM-60162	Trinity Universe	Japanese	NTSC-J	N/A	BLJM-60162
BLJM-60163	Fuel	N/A	NTSC-J	N/A	BLJM-60163
BLJM-60164	UFC 2009 Undisputed	N/A	NTSC-J	N/A	BLJM-60164
BLJM-60165	Tears to Tiara Gaiden: Avalon no Nazo	Japanese	NTSC-J	N/A	BLJM-60165
BLJM-60166	Tears to Tiara Gaiden: Avalon no Nazo	Japanese	NTSC-J	N/A	BLJM-60166
BLJM-60167	Need for Speed: Shift	Japanese	NTSC-J	N/A	BLJM-60167
BLJM-60168	Ninja Gaiden Sigma 2	N/A	NTSC-J	N/A	BLJM-60168
BLJM-60169	Terminator Salvation	N/A	NTSC-J	N/A	BLJM-60169
BLJM-60171	NBA Live 10	N/A	NTSC-J	N/A	BLJM-60171
BLJM-60172	Shin Sangoku Musou: Multi Raid Special	N/A	NTSC-J	N/A	BLJM-60172
BLJM-60173	Call of Duty 4: Modern Warfare	Japanese	NTSC-J	N/A	BLJM-60173
BLJM-60174	Bayonetta	English / French / German / Italian / Japanese / Spanish	NTSC-J	N/A	BLJM-60174
BLJM-60175	FIFA 10: World Class Soccer	Japanese	NTSC-J	N/A	BLJM-60175
BLJM-60176	World Soccer Winning Eleven 2010	English / Japanese	NTSC-J	N/A	BLJM-60176
BLJM-60177	Lost Planet 2	English / French / German / Italian / Japanese / Korean / Spanish	PAL	N/A	BLJM-60177
BLJM-60179	WWE SmackDown vs. Raw 2010	N/A	NTSC-J	N/A	BLJM-60179
BLJM-60180	3D Dot Game Heroes	Japanese	NTSC-J	N/A	BLJM-60180
BLJM-60183	Shin Sangoku Musou Online: Shinshou Ranbu	N/A	NTSC-J	N/A	BLJM-60183
BLJM-60185	Assassin's Creed II	English / Italian / Japanese	NTSC-J	N/A	BLJM-60185
BLJM-60186	James Cameron's Avatar: The Game	N/A	NTSC-J	N/A	BLJM-60186
BLJM-60187	End of Eternity	Japanese	NTSC-J	N/A	BLJM-60187
BLJM-60188	Daikoukai Jidai Online: El Oriente	N/A	NTSC-J	N/A	BLJM-60188
BLJM-60189	Star Ocean: The Last Hope International	English / French / German / Italian / Japanese / Spanish	NTSC-U	N/A	BLJM-60189
BLJM-60191	Call of Duty: Modern Warfare 2	Japanese	NTSC-J	N/A	BLJM-60191
BLJM-60192	Gundam Musou 2	Japanese	NTSC-J	N/A	BLJM-60192
BLJM-60196	Hokuto Musou	Japanese	NTSC-J	N/A	BLJM-60196
BLJM-60197	Battlefield: Bad Company 2	English / Japanese	NTSC-J	N/A	BLJM-60197
BLJM-60198	R.U.S.E.	N/A	NTSC-J	N/A	BLJM-60198
BLJM-60199	Biohazard 5: Alternative Edition	English / French / German / Italian / Japanese / Spanish	NTSC-J	N/A	BLJM-60199
BLJM-60200	God of War Collection	Japanese	NTSC-J	N/A	BLJM-60200
BLJM-60201	Skate 2	N/A	NTSC-J	N/A	BLJM-60201
BLJM-60202	Dante's Inferno: Shinkyoku Jigoku-hen	N/A	NTSC-J	N/A	BLJM-60202
BLJM-60203	Super Street Fighter IV	N/A	NTSC-J	N/A	BLJM-60203
BLJM-60204	Darksiders: Shinpan no Toki	English / Japanese	NTSC-J	N/A	BLJM-60204
BLJM-60205	Pro Yakyuu Spirits 2010	Japanese	NTSC-J	N/A	BLJM-60205
BLJM-60206	Front Mission Evolved	Japanese	NTSC-J	N/A	BLJM-60206
BLJM-60207	Power Smash: Live Match!	N/A	NTSC-J	N/A	BLJM-60207
BLJM-60208	Ryuu ga Gotoku 4: Densetsu o Tsugu Mono	Japanese	NTSC-J	N/A	BLJM-60208
BLJM-60209	Winter Sports 2010: The Great Tournament	N/A	NTSC-J	N/A	BLJM-60209
BLJM-60210	Winning Post World 2010	N/A	NTSC-J	N/A	BLJM-60210
BLJM-60211	Nobunaga no Yabou: Tendou	Japanese	NTSC-J	N/A	BLJM-60211
BLJM-60212	Trinity: Zill O'll Zero	Japanese	NTSC-J	N/A	BLJM-60212
BLJM-60213	BlazBlue: Calamity Trigger	Japanese	NTSC-J	N/A	BLJM-60213
BLJM-60214	Quantum Theory	N/A	NTSC-J	N/A	BLJM-60214
BLJM-60215	Catherine	Japanese	NTSC-J	N/A	BLJM-60215
BLJM-60216	Army of Two: The 40th Day	Japanese	NTSC-J	N/A	BLJM-60216
BLJM-60217	The Godfather II	N/A	NTSC-J	N/A	BLJM-60217
BLJM-60218	Sengoku Basara 3	Japanese	NTSC-J	N/A	BLJM-60218
BLJM-60219	Tom Clancy's Ghost Recon: Future Soldier	Japanese	NTSC-J	N/A	BLJM-60219
BLJM-60220	Singularity	N/A	NTSC-J	N/A	BLJM-60220
BLJM-60221	Dead Rising 2	N/A	NTSC-J	N/A	BLJM-60221
BLJM-60222	2010 FIFA World Cup: Minami Africa Taikai	N/A	NTSC-J	N/A	BLJM-60222
BLJM-60223	NieR Replicant	Japanese	NTSC-J	N/A	BLJM-60223
BLJM-60224	World Soccer Winning Eleven 2010: Aoki Samurai no Chousen	Japanese	NTSC-J	N/A	BLJM-60224
BLJM-60225	Tom Clancy's H.A.W.X	Japanese	NTSC-J	N/A	BLJM-60225
BLJM-60227	Vanquish	N/A	NTSC-J	N/A	BLJM-60227
BLJM-60229	White Album: Tsuzurareru Fuyu no Omoide	Japanese	NTSC-J	N/A	BLJM-60229
BLJM-60231	Driver: San Francisco	Japanese	NTSC-J	N/A	BLJM-60231
BLJM-60232	Just Cause 2	English / Japanese	NTSC-J	N/A	BLJM-60232
BLJM-60233	Assassin's Creed II: Special Edition	English / Italian / Japanese	NTSC-J	N/A	BLJM-60233
BLJM-60234	Prince of Persia: Boukyaku no Suna	English / Japanese	NTSC-J	N/A	BLJM-60234
BLJM-60235	Grand Theft Auto: Episodes from Liberty City	Japanese	NTSC-J	N/A	BLJM-60235
BLJM-60237	BlazBlue: Continuum Shift	Japanese	NTSC-J	N/A	BLJM-60237
BLJM-60238	BlazBlue: Continuum Shift	Japanese	NTSC-J	N/A	BLJM-60238
BLJM-60240	Hakuouki: Junsouroku	Japanese	NTSC-J	N/A	BLJM-60240
BLJM-60241	Totori no Atelier: Arland no Renkinjutsushi 2	Japanese	NTSC-J	N/A	BLJM-60241
BLJM-60242	Tom Clancy's H.A.W.X. 2	N/A	NTSC-J	N/A	BLJM-60242
BLJM-60243	Jikkyou Powerful Pro Yakyuu 2010	Japanese	NTSC-J	N/A	BLJM-60243
BLJM-60244	Blur Racerz	Japanese	NTSC-J	N/A	BLJM-60244
BLJM-60245	Tiger Woods PGA Tour 11	N/A	NTSC-J	N/A	BLJM-60245
BLJM-60247	Chou Jigen Game Neptune	Japanese	NTSC-J	N/A	BLJM-60247
BLJM-60248	Arcana Heart 3	Japanese	NTSC-J	N/A	BLJM-60248
BLJM-60250	Assassin's Creed: Brotherhood	English / Italian / Japanese	NTSC-J	N/A	BLJM-60250
BLJM-60251	Split/Second	Japanese	NTSC-J	N/A	BLJM-60251
BLJM-60252	Kane & Lynch 2: Dog Days	N/A	NTSC-J	N/A	BLJM-60252
BLJM-60253	Nobunaga no Yabou Online: Shinsei no Shou	N/A	NTSC-J	N/A	BLJM-60253
BLJM-60254	Agarest Senki Zero	N/A	NTSC-J	N/A	BLJM-60254
BLJM-60255	Nurarihyon no Mago: Hyakki Ryouran Taisen	Japanese	NTSC-J	N/A	BLJM-60255
BLJM-60256	Marvel vs. Capcom 3: Fate of Two Worlds	N/A	NTSC-J	N/A	BLJM-60256
BLJM-60257	F1 2010	N/A	NTSC-J	N/A	BLJM-60257
BLJM-60258	Ken to Mahou to Gakuen Mono. 3	Japanese	NTSC-J	N/A	BLJM-60258
BLJM-60259	Madden NFL 11	N/A	NTSC-J	N/A	BLJM-60259
BLJM-60261	NBA Live 10	N/A	NTSC-J	N/A	BLJM-60261
BLJM-60262	Need for Speed: Shift	Japanese	NTSC-J	N/A	BLJM-60262
BLJM-60263	Winning Post 7 2010	N/A	NTSC-J	N/A	BLJM-60263
BLJM-60265	Red Dead Redemption	N/A	NTSC-J	N/A	BLJM-60265
BLJM-60266	EA Sports Sougou Kakutougi	N/A	NTSC-J	N/A	BLJM-60266
BLJM-60268	Two Worlds II	N/A	NTSC-J	N/A	BLJM-60268
BLJM-60270	Mafia II	N/A	NTSC-J	N/A	BLJM-60270
BLJM-60271	World Soccer Winning Eleven 2011	English / Japanese	NTSC-J	N/A	BLJM-60271
BLJM-60272	Mindjack	English / French / German / Italian / Japanese / Spanish	NTSC-U	N/A	BLJM-60272
BLJM-60273	Agarest Senki 2	N/A	NTSC-J	N/A	BLJM-60273
BLJM-60274	FIFA 11: World Class Soccer	Japanese	NTSC-J	N/A	BLJM-60274
BLJM-60275	Medal of Honor	Japanese	NTSC-J	N/A	BLJM-60275
BLJM-60277	NBA 2K11	N/A	NTSC-J	N/A	BLJM-60277
BLJM-60278	Ken to Mahou to Gakuen Mono. 2G	N/A	NTSC-J	N/A	BLJM-60278
BLJM-60281	Pro Yakyuu Spirits 2011	Japanese	NTSC-J	N/A	BLJM-60281
BLJM-60282	Fallout: New Vegas	N/A	NTSC-J	N/A	BLJM-60282
BLJM-60283	Biohazard 5: Alternative Edition	English / French / German / Italian / Japanese / Spanish	NTSC-J	N/A	BLJM-60283
BLJM-60284	Castlevania: Lords of Shadow	Japanese	NTSC-J	N/A	BLJM-60284
BLJM-60286	Call of Duty: Black Ops	Japanese	NTSC-J	N/A	BLJM-60286
BLJM-60287	Call of Duty: Black Ops	Japanese	NTSC-J	N/A	BLJM-60287
BLJM-60288	WWE SmackDown vs. Raw 2011	N/A	NTSC-J	N/A	BLJM-60288
BLJM-60289	Shaun White Skateboarding	N/A	NTSC-J	N/A	BLJM-60289
BLJM-60291	Shin Sangoku Musou 6	Japanese	NTSC-J	N/A	BLJM-60291
BLJM-60292	Umineko no Naku Koro ni: Majo to Suiri no Rinbukyoku	N/A	NTSC-J	N/A	BLJM-60292
BLJM-60294	Gekiatsu!! Pachige-Damashi: CR Evangelion: Hajimari no Fukuin	Japanese	NTSC-J	N/A	BLJM-60294
BLJM-60295	Battlefield: Bad Company 2	English / Japanese	NTSC-J	N/A	BLJM-60295
BLJM-60300	Gundam Musou 3	Japanese	NTSC-J	N/A	BLJM-60300
BLJM-60301	007: Blood Stone	Japanese	NTSC-J	N/A	BLJM-60301
BLJM-60302	Castlevania: Lords of Shadow	Japanese	NTSC-J	N/A	BLJM-60302
BLJM-60304	Colin McRae: DiRT 2	N/A	NTSC-J	N/A	BLJM-60304
BLJM-60305	Max Anarchy	English / French / Italian / Japanese / Spanish	NTSC-J	N/A	BLJM-60305
BLJM-60307	Troy Musou	Japanese	NTSC-J	N/A	BLJM-60307
BLJM-60309	Fight Night Round 4	N/A	NTSC-J	N/A	BLJM-60309
BLJM-60311	Crysis 2	N/A	NTSC-J	N/A	BLJM-60311
BLJM-60312	Wizardry: Twin Pack	Japanese	NTSC-J	N/A	BLJM-60312
BLJM-60313	Sengoku Musou 3 Z	Japanese	NTSC-J	N/A	BLJM-60313
BLJM-60314	Red Dead Redemption: Undead Nightmare	N/A	NTSC-J	N/A	BLJM-60314
BLJM-60316	Ryuu ga Gotoku: Of the End	Japanese	NTSC-J	N/A	BLJM-60316
BLJM-60317	Bulletstorm	N/A	NTSC-J	N/A	BLJM-60317
BLJM-60319	Daikoukai Jidai Online: Tierra Americana	N/A	NTSC-J	N/A	BLJM-60319
BLJM-60320	Racquet Sports	N/A	NTSC-J	N/A	BLJM-60320
BLJM-60321	Love at Once: Mermaid's Tears	Japanese	NTSC-J	N/A	BLJM-60321
BLJM-60322	Love at Once: Mermaid's Tears	Japanese	NTSC-J	N/A	BLJM-60322
BLJM-60323	Mamoru-kun wa Norowarete Shimatta! Meikai Katsugeki Wide-ban	Japanese	NTSC-J	N/A	BLJM-60323
BLJM-60324	WRC: FIA World Rally Championship	N/A	NTSC-J	N/A	BLJM-60324
BLJM-60326	Slotter Chou Mania: Antonio Inoki ga Genki ni Suru Pachi-Slot Ki	N/A	NTSC-J	N/A	BLJM-60326
BLJM-60328	Hiiro no Kakera Aizouban: Akane Iro no Tsuioku	Japanese	NTSC-J	N/A	BLJM-60328
BLJM-60329	Clannad	N/A	NTSC-J	N/A	BLJM-60329
BLJM-60331	Nail'd	N/A	NTSC-J	N/A	BLJM-60331
BLJM-60332	Mass Effect 2	English / Japanese	NTSC-J	N/A	BLJM-60332
BLJM-60333	Hunted: The Demon's Forge	N/A	NTSC-J	N/A	BLJM-60333
BLJM-60334	Sonic Generations: Shiro no Jikuu	N/A	NTSC-J	N/A	BLJM-60334
BLJM-60335	Michael Jackson: The Experience	English / Japanese	NTSC-J	N/A	BLJM-60335
BLJM-60336	Child of Eden	N/A	NTSC-J	N/A	BLJM-60336
BLJM-60337	Jikkyou Powerful Pro Yakyuu 2011	Japanese	NTSC-J	N/A	BLJM-60337
BLJM-60338	Star Ocean: The Last Hope International	English / French / German / Italian / Japanese / Spanish	NTSC-U	N/A	BLJM-60338
BLJM-60339	NieR Replicant	Japanese	NTSC-J	N/A	BLJM-60339
BLJM-60340	LEGO Harry Potter: Dai-1 Shou: Dai-4 Shou	Japanese	NTSC-J	N/A	BLJM-60340
BLJM-60341	Dead Rising 2: Off the Record	N/A	NTSC-J	N/A	BLJM-60341
BLJM-60342	Biohazard: Operation Raccoon City	English / French / German / Italian / Japanese / Spanish	NTSC-J	N/A	BLJM-60342
BLJM-60343	L.A. Noire	Japanese	NTSC-J	N/A	BLJM-60343
BLJM-60345	Nobunaga no Yabou: Tendou with Power-Up Kit	Japanese	NTSC-J	N/A	BLJM-60345
BLJM-60346	Grand Theft Auto IV & Episodes from Liberty City	N/A	NTSC-J	N/A	BLJM-60346
BLJM-60347	Dunamis 15	Japanese	NTSC-J	N/A	BLJM-60347
BLJM-60348	Meruru no Atelier: Arland no Renkinjutsushi 3	Japanese	NTSC-J	N/A	BLJM-60348
BLJM-60349	F.E.A.R. 3	N/A	NTSC-J	N/A	BLJM-60349
BLJM-60350	Street Fighter X Tekken	Chinese / English / Japanese / Korean	NTSC-J	N/A	BLJM-60350
BLJM-60351	Metal Gear Solid: Peace Walker: HD Edition	Japanese	NTSC-J	N/A	BLJM-60351
BLJM-60353	Deus Ex	English / Japanese	NTSC-J	N/A	BLJM-60353
BLJM-60354	NeverDead	N/A	NTSC-J	N/A	BLJM-60354
BLJM-60355	Brink	N/A	NTSC-J	N/A	BLJM-60355
BLJM-60356	Power Smash 4	N/A	NTSC-J	N/A	BLJM-60356
BLJM-60358	Shadows of the Damned	English / Japanese	NTSC-J	N/A	BLJM-60358
BLJM-60359	Alice: Madness Returns	N/A	NTSC-J	N/A	BLJM-60359
BLJM-60360	Fit in Six: Karada o Kitaeru 6-tsu no Youso	N/A	NTSC-J	N/A	BLJM-60360
BLJM-60361	Operation Flashpoint: Red River	English / Japanese	NTSC-J	N/A	BLJM-60361
BLJM-60362	DiRT 3	N/A	NTSC-J	N/A	BLJM-60362
BLJM-60363	Devil May Cry: HD Collection	English / French / German / Italian / Japanese / Spanish	NTSC-J	N/A	BLJM-60363
BLJM-60364	Super Street Fighter IV: Arcade Edition	N/A	NTSC-J	N/A	BLJM-60364
BLJM-60365	WWE All Stars	N/A	NTSC-J	N/A	BLJM-60365
BLJM-60367	Champion Jockey: Gallop Racer & GI Jockey	N/A	NTSC-J	N/A	BLJM-60367
BLJM-60368	Midnight Club: Los Angeles	N/A	NTSC-J	N/A	BLJM-60368
BLJM-60369	Gekiatsu!! Pachige-Damashi Vol. 2: Evangelion: Shinjitsu no Tsubasa	N/A	NTSC-J	N/A	BLJM-60369
BLJM-60370	Dungeon Siege III	Japanese	NTSC-J	N/A	BLJM-60370
BLJM-60371	F1 2011	N/A	NTSC-J	N/A	BLJM-60371
BLJM-60372	Biohazard: Revival Selection	Japanese	NTSC-J	N/A	BLJM-60372
BLJM-60373	Tenchou no Igo	N/A	NTSC-J	N/A	BLJM-60373
BLJM-60377	Chou Jigen Game Neptune	Japanese	NTSC-J	N/A	BLJM-60377
BLJM-60378	Armored Core V	Japanese	NTSC-J	N/A	BLJM-60378
BLJM-60379	Dragon's Dogma	English / French / German / Italian / Japanese / Spanish	NTSC-J	N/A	BLJM-60379
BLJM-60380	ToHeart 2 DX Plus	Japanese	NTSC-J	N/A	BLJM-60380
BLJM-60381	ToHeart 2 DX Plus	Japanese	NTSC-J	N/A	BLJM-60381
BLJM-60382	Final Fantasy XIII-2	Japanese	NTSC-J	N/A	BLJM-60382
BLJM-60383	Ultimate Marvel vs. Capcom 3	N/A	NTSC-J	N/A	BLJM-60383
BLJM-60384	Battlefield 3	Japanese	NTSC-J	N/A	BLJM-60384
BLJM-60385	World Soccer Winning Eleven 2012	Japanese	NTSC-J	N/A	BLJM-60385
BLJM-60387	Ao no Eiyuu: Birds of Steel	N/A	NTSC-J	N/A	BLJM-60387
BLJM-60388	Blades of Time	N/A	NTSC-J	N/A	BLJM-60388
BLJM-60389	Sengoku Basara 3: Utage	Japanese	NTSC-J	N/A	BLJM-60389
BLJM-60390	Time Leap	Japanese	NTSC-J	N/A	BLJM-60390
BLJM-60391	Silent Hill: Downpour	English / Japanese	NTSC-J	N/A	BLJM-60391
BLJM-60392	Warhammer 40,000: Space Marine	N/A	NTSC-J	N/A	BLJM-60392
BLJM-60394	BlazBlue: Continuum Shift Extend	Japanese	NTSC-J	N/A	BLJM-60394
BLJM-60395	The Cursed Crusade	N/A	NTSC-J	N/A	BLJM-60395
BLJM-60396	Saints Row: The Third	Japanese	NTSC-J	N/A	BLJM-60396
BLJM-60397	Shin Sangoku Musou Online: Souten Ranbu	N/A	NTSC-J	N/A	BLJM-60397
BLJM-60398	Gladiator VS	Japanese	NTSC-J	N/A	BLJM-60398
BLJM-60399	The Sims 3	N/A	NTSC-J	N/A	BLJM-60399
BLJM-60400	Batman: Arkham City	English / French / German / Italian / Japanese / Korean / Polish / Portuguese / Russian / Spanish	NTSC-J	N/A	BLJM-60400
BLJM-60403	Red Dead Redemption: Complete Edition	N/A	NTSC-J	N/A	BLJM-60403
BLJM-60404	Call of Duty: Modern Warfare 3	Japanese	NTSC-J	N/A	BLJM-60404
BLJM-60405	Biohazard 6	English / French / German / Italian / Japanese / Polish / Portuguese / Russian / Spanish	NTSC-J	N/A	BLJM-60405
BLJM-60408	Beyond the Future: Fix the Time Arrows	Japanese	NTSC-J	N/A	BLJM-60408
BLJM-60409	Asura's Wrath	English / French / German / Italian / Japanese / Spanish	NTSC-J	N/A	BLJM-60409
BLJM-60410	Suzukaze no Melt: Days in the Sanctuary	N/A	NTSC-J	N/A	BLJM-60410
BLJM-60411	Suigetsu 2	N/A	NTSC-J	N/A	BLJM-60411
BLJM-60412	Assassin's Creed: Revelations	English / Japanese	NTSC-J	N/A	BLJM-60412
BLJM-60413	The Elder Scrolls V: Skyrim	Japanese	NTSC-J	N/A	BLJM-60413
BLJM-60414	Umineko no Naku Koro ni Chiru: Shinjitsu to Gensou no Yasoukyoku	N/A	NTSC-J	N/A	BLJM-60414
BLJM-60416	One Piece: Kaizoku Musou	Japanese	NTSC-J	N/A	BLJM-60416
BLJM-60417	Musou Orochi 2	Japanese	NTSC-J	N/A	BLJM-60417
BLJM-60418	The House of the Dead: Overkill: Director's Cut	N/A	NTSC-J	N/A	BLJM-60418
BLJM-60419	Rocksmith	Japanese	NTSC-J	N/A	BLJM-60419
BLJM-60421	Need for Speed: Hot Pursuit	N/A	NTSC-J	N/A	BLJM-60421
BLJM-60422	Call of Duty: Modern Warfare 3	Japanese	NTSC-J	N/A	BLJM-60422
BLJM-60424	Jikkyou Powerful Pro Yakyuu 2011: Ketteiban	N/A	NTSC-J	N/A	BLJM-60424
BLJM-60425	Silent Hill: HD Edition	Japanese	NTSC-J	N/A	BLJM-60425
BLJM-60427	Mass Effect 3	English / French / German / Italian / Japanese / Polish / Russian / Spanish	NTSC-J	N/A	BLJM-60427
BLJM-60429	Grand Slam Tennis 2	N/A	NTSC-J	N/A	BLJM-60429
BLJM-60430	Maji de Watashi ni Koi Shinasai!! R	Japanese	NTSC-J	N/A	BLJM-60430
BLJM-60431	Rayman Origins	English / Japanese	NTSC-J	N/A	BLJM-60431
BLJM-60433	Biohazard: Chronicles HD Selection	Japanese	NTSC-J	N/A	BLJM-60433
BLJM-60434	Gal Gun	Japanese	NTSC-J	N/A	BLJM-60434
BLJM-60435	Trinity: Zill O'll Zero	Japanese	NTSC-J	N/A	BLJM-60435
BLJM-60436	WWE '12	N/A	NTSC-J	N/A	BLJM-60436
BLJM-60437	Skate 3	N/A	NTSC-J	N/A	BLJM-60437
BLJM-60438	Pro Yakyuu Spirits 2012	Japanese	NTSC-J	N/A	BLJM-60438
BLJM-60439	WRC 2: FIA World Rally Championship	N/A	NTSC-J	N/A	BLJM-60439
BLJM-60440	SSX	N/A	NTSC-J	N/A	BLJM-60440
BLJM-60442	Persona 4: The Ultimate in Mayonaka Arena	English / Japanese	NTSC-J	N/A	BLJM-60442
BLJM-60444	Touch, Shot! Love Application	Japanese	NTSC-J	N/A	BLJM-60444
BLJM-60445	Fight Night Champion	N/A	NTSC-J	N/A	BLJM-60445
BLJM-60446	Robotics;Notes	Japanese	NTSC-J	N/A	BLJM-60446
BLJM-60447	Ninja Gaiden 3	Chinese / English / French / German / Italian / Japanese / Spanish	NTSC-J	N/A	BLJM-60447
BLJM-60448	Under Defeat HD	N/A	NTSC-J	N/A	BLJM-60448
BLJM-60449	Fallout: New Vegas: Ultimate Edition	N/A	NTSC-J	N/A	BLJM-60449
BLJM-60450	UFC Undisputed 3	N/A	NTSC-J	N/A	BLJM-60450
BLJM-60451	Zone of the Enders: HD Edition	N/A	NTSC-J	N/A	BLJM-60451
BLJM-60452	Nobunaga no Yabou Online: Houou no Shou	N/A	NTSC-J	N/A	BLJM-60452
BLJM-60453	Shin Sangoku Musou Online: Ryuujin Ranbu	N/A	NTSC-J	N/A	BLJM-60453
BLJM-60454	Winning Post 7 2012	N/A	NTSC-J	N/A	BLJM-60454
BLJM-60456	Attouteki Yuugi: Mugen Souls	Japanese	NTSC-J	N/A	BLJM-60456
BLJM-60458	DiRT 3: Complete Edition	N/A	NTSC-J	N/A	BLJM-60458
BLJM-60459	Grand Theft Auto: Episodes from Liberty City	Japanese	NTSC-J	N/A	BLJM-60459
BLJM-60460	Test Drive Unlimited 2 Plus Casino Online	N/A	NTSC-J	N/A	BLJM-60460
BLJM-60462	Steins;Gate	N/A	NTSC-J	N/A	BLJM-60462
BLJM-60463	Max Payne 3	Japanese	NTSC-J	N/A	BLJM-60463
BLJM-60464	Steins;Gate: Hiyoku Renri no Darling	N/A	NTSC-J	N/A	BLJM-60464
BLJM-60467	Ookami: Zekkeiban	English / Japanese	NTSC-J	N/A	BLJM-60467
BLJM-60468	Jissen Pachi-Slot Hisshouhou! Hokuto no Ken F: Seikimatsu Kyuuseishu Densetsu	N/A	NTSC-J	N/A	BLJM-60468
BLJM-60469	Jikkyou Powerful Pro Yakyuu 2012	Japanese	NTSC-J	N/A	BLJM-60469
BLJM-60470	Mamoru-kun wa Norowarete Shimatta! Meikai Katsugeki Wide-ban	Japanese	NTSC-J	N/A	BLJM-60470
BLJM-60471	Ryuu ga Gotoku 1 & 2 HD Edition	N/A	NTSC-J	N/A	BLJM-60471
BLJM-60472	FIFA 12: World Class Soccer	Japanese	NTSC-J	N/A	BLJM-60472
BLJM-60473	Portal 2	N/A	NTSC-J	N/A	BLJM-60473
BLJM-60474	Aquapazza: Aquaplus Dream Match	Japanese	NTSC-J	N/A	BLJM-60474
BLJM-60476	Aquapazza: Aquaplus Dream Match	Japanese	NTSC-J	N/A	BLJM-60476
BLJM-60477	Operation Flashpoint: Red River	English / Japanese	NTSC-J	N/A	BLJM-60477
BLJM-60478	Agarest Senki 2	N/A	NTSC-J	N/A	BLJM-60478
BLJM-60479	Sniper: Ghost Warrior	N/A	NTSC-J	N/A	BLJM-60479
BLJM-60482	Chou Jigen Game Neptune mk2	Japanese	NTSC-J	N/A	BLJM-60482
BLJM-60483	Hakuouki: Reimeiroku Nagorigusa	Japanese	NTSC-J	N/A	BLJM-60483
BLJM-60485	Combat Wings: The Great Battles of World War II	English / Japanese	NTSC-J	N/A	BLJM-60485
BLJM-60486	Ayesha no Atelier: Tasogare no Daichi no Renkinjutsushi	Japanese	NTSC-J	N/A	BLJM-60486
BLJM-60488	Sengoku Basara HD Collection	Japanese	NTSC-J	N/A	BLJM-60488
BLJM-60489	Ryuu ga Gotoku 5: Yume, Kanaeshi Mono	Japanese	NTSC-J	N/A	BLJM-60489
BLJM-60490	Lost Planet 3	English / French / German / Italian / Japanese / Polish / Portuguese / Russian / Spanish	NTSC-J	N/A	BLJM-60490
BLJM-60492	Kami Jigen Game Neptune V	Japanese	NTSC-J	N/A	BLJM-60492
BLJM-60494	DiRT Showdown	N/A	NTSC-J	N/A	BLJM-60494
BLJM-60495	Batman: Arkham City	English / French / German / Italian / Japanese / Korean / Polish / Portuguese / Russian / Spanish	NTSC-J	N/A	BLJM-60495
BLJM-60496	Batman: Arkham Asylum	Japanese	NTSC-J	N/A	BLJM-60496
BLJM-60499	Assassin's Creed I + II Welcome Pack	English / Italian / Japanese	NTSC-J	N/A	BLJM-60499
BLJM-60500	F1 2012	N/A	NTSC-J	N/A	BLJM-60500
BLJM-60502	DmC: Devil May Cry	English / Japanese	NTSC-J	N/A	BLJM-60502
BLJM-60503	Sniper Elite V2	N/A	NTSC-J	N/A	BLJM-60503
BLJM-60504	Heavy Fire: Afghanistan	English / Japanese	NTSC-J	N/A	BLJM-60504
BLJM-60505	F1 Race Stars	N/A	NTSC-J	N/A	BLJM-60505
BLJM-60506	Tomoyo After: It's a Wonderful Life: CS Edition	N/A	NTSC-J	N/A	BLJM-60506
BLJM-60507	Battlefield: Bad Company 2	English / Japanese	NTSC-J	N/A	BLJM-60507
BLJM-60509	Gekiatsu!! Pachige-Damashi Max: Evangelion 7 x Seimei no Kodou	N/A	NTSC-J	N/A	BLJM-60509
BLJM-60510	Final Fantasy XIII-2: Additional Content Selection	Japanese	NTSC-J	N/A	BLJM-60510
BLJM-60511	Zone of the Enders: HD Edition	N/A	NTSC-J	N/A	BLJM-60511
BLJM-60512	Doom 3: BFG Edition	N/A	NTSC-J	N/A	BLJM-60512
BLJM-60513	Dead or Alive 5	N/A	NTSC-J	N/A	BLJM-60513
BLJM-60514	FIFA 13: World Class Soccer	N/A	NTSC-J	N/A	BLJM-60514
BLJM-60515	Injustice: Hero no Gekitotsu	N/A	NTSC-J	N/A	BLJM-60515
BLJM-60516	Assassin's Creed III	Chinese / English / Japanese / Korean	NTSC-J	N/A	BLJM-60516
BLJM-60517	Dark Souls with Artorias of the Abyss Edition	Japanese	NTSC-J	N/A	BLJM-60517
BLJM-60518	Biohazard: Revelations: Unveiled Edition	Dutch / English / French / German / Italian / Japanese / Polish / Portuguese / Russian / Spanish	NTSC-J	N/A	BLJM-60518
BLJM-60519	Need for Speed: Most Wanted: A Criterion Game	Japanese	NTSC-J	N/A	BLJM-60519
BLJM-60520	Dishonored	N/A	NTSC-J	N/A	BLJM-60520
BLJM-60521	Akatsuki no Goei Trinity	N/A	NTSC-J	N/A	BLJM-60521
BLJM-60522	World Soccer Winning Eleven 2013	English / Japanese	NTSC-J	N/A	BLJM-60522
BLJM-60523	Daikoukai Jidai Online 2nd Age	N/A	NTSC-J	N/A	BLJM-60523
BLJM-60524	Shin Sangoku Musou 6: Empires	N/A	NTSC-J	N/A	BLJM-60524
BLJM-60527	Hatsune Miku: Project Diva F	N/A	NTSC-J	N/A	BLJM-60527
BLJM-60528	E.X. Troopers	Japanese	NTSC-J	N/A	BLJM-60528
BLJM-60530	Crysis 3	N/A	NTSC-J	N/A	BLJM-60530
BLJM-60532	Far Cry 3	English / Japanese	NTSC-J	N/A	BLJM-60532
BLJM-60533	Need for Speed: The Run	N/A	NTSC-J	N/A	BLJM-60533
BLJM-60537	Call of Duty: Black Ops	Japanese	NTSC-J	N/A	BLJM-60537
BLJM-60539	Sniper: Ghost Warrior 2	N/A	NTSC-J	N/A	BLJM-60539
BLJM-60540	White Album 2: Shiawase no Mukougawa	Japanese	NTSC-J	N/A	BLJM-60540
BLJM-60541	Medal of Honor: Warfighter	N/A	NTSC-J	N/A	BLJM-60541
BLJM-60542	Chaos;Head Noah	Japanese	NTSC-J	N/A	BLJM-60542
BLJM-60543	Chaos;Head Love Chu Chu!	Japanese	NTSC-J	N/A	BLJM-60543
BLJM-60545	Heartful Simulator Pachi-Slot: ToHeart 2	N/A	NTSC-J	N/A	BLJM-60545
BLJM-60546	Muv-Luv	N/A	NTSC-J	N/A	BLJM-60546
BLJM-60547	Muv-Luv Alternative	N/A	NTSC-J	N/A	BLJM-60547
BLJM-60548	Call of Duty: Black Ops II	Japanese	NTSC-J	N/A	BLJM-60548
BLJM-60550	Sangokushi 12	N/A	NTSC-J	N/A	BLJM-60550
BLJM-60553	Shin Hokuto Musou	Japanese	NTSC-J	N/A	BLJM-60553
BLJM-60554	Metal Gear Rising: Revengeance	Japanese	NTSC-J	N/A	BLJM-60554
BLJM-60555	Sengoku-hime 3: Tenka o Kirisaku Hikari to Kage	N/A	NTSC-J	N/A	BLJM-60555
BLJM-60556	Sengoku-hime 3: Tenka o Kirisaku Hikari to Kage	N/A	NTSC-J	N/A	BLJM-60556
BLJM-60557	Tomb Raider	Japanese	NTSC-J	N/A	BLJM-60557
BLJM-60558	Lightning Returns: Final Fantasy XIII	Japanese	NTSC-J	N/A	BLJM-60558
BLJM-60559	Race Driver: Grid 2	N/A	NTSC-J	N/A	BLJM-60559
BLJM-60562	Hokuto Musou International	Japanese	NTSC-J	N/A	BLJM-60562
BLJM-60564	Jikkyou Powerful Pro Yakyuu 2012: Ketteiban	N/A	NTSC-J	N/A	BLJM-60564
BLJM-60565	Battlefield 3	Japanese	NTSC-J	N/A	BLJM-60565
BLJM-60566	Port Royale 3	Japanese	NTSC-J	N/A	BLJM-60566
BLJM-60567	Vampire Resurrection	Japanese	NTSC-J	N/A	BLJM-60567
BLJM-60569	Devil May Cry: HD Collection	English / French / German / Italian / Japanese / Spanish	NTSC-J	N/A	BLJM-60569
BLJM-60570	Heavy Fire: Shattered Spear	N/A	NTSC-J	N/A	BLJM-60570
BLJM-60572	One Piece: Kaizoku Musou 2	Japanese	NTSC-J	N/A	BLJM-60572
BLJM-60573	Assassin's Creed: Revelations: Special Edition	English / Japanese	NTSC-J	N/A	BLJM-60573
BLJM-60574	FIFA Street	N/A	NTSC-J	N/A	BLJM-60574
BLJM-60575	WRC 3: FIA World Rally Championship	N/A	NTSC-J	N/A	BLJM-60575
BLJM-60576	Winning Post 7 2013	N/A	NTSC-J	N/A	BLJM-60576
BLJM-60577	Monster Hunter Frontier G	Japanese	NTSC-J	N/A	BLJM-60577
BLJM-60578	Army of Two: The Devil's Cartel	N/A	NTSC-J	N/A	BLJM-60578
BLJM-60579	Muv-Luv Alternative: Total Eclipse	Japanese	NTSC-J	N/A	BLJM-60579
BLJM-60580	Risen 2: Dark Waters	Japanese	NTSC-J	N/A	BLJM-60580
BLJM-60581	Pro Yakyuu Spirits 2013	Japanese	NTSC-J	N/A	BLJM-60581
BLJM-60582	Sharin no Kuni, Himawari no Shoujo	N/A	NTSC-J	N/A	BLJM-60582
BLJM-60583	Nobunaga no Yabou Online: 10 Shuunen Kinen Box	N/A	NTSC-J	N/A	BLJM-60583
BLJM-60584	Binary Domain	English / French / German / Italian / Japanese / Spanish	NTSC-J	N/A	BLJM-60584
BLJM-60586	Shin Sangoku Musou 7	Japanese	NTSC-J	N/A	BLJM-60586
BLJM-60589	Kingdom Hearts: HD 1.5 ReMIX	Japanese	NTSC-J	N/A	BLJM-60589
BLJM-60987	Binary Domain	English / French / German / Italian / Japanese / Spanish	NTSC-J	N/A	BLJM-60987
BLJM-60988	The Sims 3: Pets	N/A	NTSC-J	N/A	BLJM-60988
BLJM-60990	Sengoku Musou 3: Empires	Japanese	NTSC-J	N/A	BLJM-60990
BLJM-60992	Chou Jigen Game Neptune mk2	Japanese	NTSC-J	N/A	BLJM-60992
BLJM-60993	Dark Souls	Japanese	NTSC-J	N/A	BLJM-60993
BLJM-60994	Rage	N/A	NTSC-J	N/A	BLJM-60994
BLJM-60995	Assassin's Creed: Brotherhood	English / Italian / Japanese	NTSC-J	N/A	BLJM-60995
BLJM-60996	FIFA 12: World Class Soccer	Japanese	NTSC-J	N/A	BLJM-60996
BLJM-60998	MLB Bobblehead!	Japanese	NTSC-J	N/A	BLJM-60998
BLJM-60999	Call of Juarez: The Cartel	N/A	NTSC-J	N/A	BLJM-60999
BLJM-61000	Shin Sangoku Musou 6: Moushouden	Japanese	NTSC-J	N/A	BLJM-61000
BLJM-61001	Metal Gear Solid: HD Edition	N/A	NTSC-J	N/A	BLJM-61001
BLJM-61003	Hitman: Absolution	Japanese	NTSC-J	N/A	BLJM-61003
BLJM-61004	Call of Duty: Black Ops	Japanese	NTSC-J	N/A	BLJM-61004
BLJM-61008	Wizardry: Perfect Pack	N/A	NTSC-J	N/A	BLJM-61008
BLJM-61009	Little Busters! Converted Edition	Japanese	NTSC-J	N/A	BLJM-61009
BLJM-61010	Ninja Gaiden 3: Razor's Edge	N/A	NTSC-J	N/A	BLJM-61010
BLJM-61011	FIFA 11: World Class Soccer	Japanese	NTSC-J	N/A	BLJM-61011
BLJM-61012	Dragon's Dogma: Dark Arisen	Japanese	NTSC-J	N/A	BLJM-61012
BLJM-61014	Armored Core: Verdict Day	Japanese	NTSC-J	N/A	BLJM-61014
BLJM-61016	Attouteki Yuugi: Mugen Souls	Japanese	NTSC-J	N/A	BLJM-61016
BLJM-61018	Oretachi ni Tsubasa wa Nai	Japanese	NTSC-J	N/A	BLJM-61018
BLJM-61019	Grand Theft Auto V	English / Japanese	NTSC-J	N/A	BLJM-61019
BLJM-61025	Need for Speed: Carbon	Japanese	NTSC-J	N/A	BLJM-61025
BLJM-61028	Attouteki Yuugi: Mugen Souls Z	N/A	NTSC-J	N/A	BLJM-61028
BLJM-61029	Steins;Gate: Senkei Kousoku no Phenogram	Japanese	NTSC-J	N/A	BLJM-61029
BLJM-61030	Mahjong Haou: Dankyuu Battle 3	N/A	NTSC-J	N/A	BLJM-61030
BLJM-61031	Kazoku Keikaku: Re: Tsumugu Ito	N/A	NTSC-J	N/A	BLJM-61031
BLJM-61033	Memories Off 6 Complete	Japanese	NTSC-J	N/A	BLJM-61033
BLJM-61034	Memories Off: Yubikiri no Kioku	Japanese	NTSC-J	N/A	BLJM-61034
BLJM-61035	Shin Toudai Shougi	N/A	NTSC-J	N/A	BLJM-61035
BLJM-61036	Tenchou no Igo	N/A	NTSC-J	N/A	BLJM-61036
BLJM-61039	Battlefield 4	English / Japanese	NTSC-J	N/A	BLJM-61039
BLJM-61040	Murdered: Tamashii no Yobu Koe	N/A	NTSC-J	N/A	BLJM-61040
BLJM-61041	Dragon's Crown	N/A	NTSC-J	N/A	BLJM-61041
BLJM-61043	Drag-on Dragoon 3	N/A	NTSC-J	N/A	BLJM-61043
BLJM-61044	Skylanders: Spyro no Daibouken	N/A	NTSC-J	N/A	BLJM-61044
BLJM-61047	Date A Live: Rinne Utopia	Japanese	NTSC-J	N/A	BLJM-61047
BLJM-61048	Date A Live: Rinne Utopia	Japanese	NTSC-J	N/A	BLJM-61048
BLJM-61049	Rocksmith 2014	Japanese	NTSC-J	N/A	BLJM-61049
BLJM-61050	Escha & Logy no Atelier: Tasogare no Sora no Renkinjutsushi	N/A	NTSC-J	N/A	BLJM-61050
BLJM-61051	Ayesha no Atelier: Tasogare no Daichi no Renkinjutsushi	Japanese	NTSC-J	N/A	BLJM-61051
BLJM-61054	Watch Dogs	Chinese / English / Japanese / Korean	NTSC-J	N/A	BLJM-61054
BLJM-61055	Dungeons & Dragons: Mystara Eiyuu Senki	Japanese	NTSC-J	N/A	BLJM-61055
BLJM-61056	Assassin's Creed IV: Black Flag	Chinese / English / Japanese / Korean	NTSC-J	N/A	BLJM-61056
BLJM-61058	FIFA 13: World Class Soccer	N/A	NTSC-J	N/A	BLJM-61058
BLJM-61059	Eiyuu Densetsu: Sen no Kiseki	Japanese	NTSC-J	N/A	BLJM-61059
BLJM-61060	Ketsui: Kizuna Jigoku-tachi Extra	English	NTSC-J	N/A	BLJM-61060
BLJM-61061	Nobunaga no Yabou Online: Tenka Mugen no Shou	N/A	NTSC-J	N/A	BLJM-61061
BLJM-61062	Shin Sangoku Musou Online Z	N/A	NTSC-J	N/A	BLJM-61062
BLJM-61063	Sengoku Basara 4	Japanese	NTSC-J	N/A	BLJM-61063
BLJM-61064	Saka Tsuku: Pro Soccer Club o Tsukurou!	N/A	NTSC-J	N/A	BLJM-61064
BLJM-61065	F1 2013	N/A	NTSC-J	N/A	BLJM-61065
BLJM-61067	Disorder 6	Japanese	NTSC-J	N/A	BLJM-61067
BLJM-61068	Farming Simulator	N/A	NTSC-J	N/A	BLJM-61068
BLJM-61069	FIFA 14: World Class Soccer	N/A	NTSC-J	N/A	BLJM-61069
BLJM-61070	Need for Speed: Rivals	English / Japanese	NTSC-J	N/A	BLJM-61070
BLJM-61071	Hanasaku Manimani	Japanese	NTSC-J	N/A	BLJM-61071
BLJM-61072	Eiyuu Senki	Japanese	NTSC-J	N/A	BLJM-61072
BLJM-61073	Final Fantasy XIII-2	Japanese	NTSC-J	N/A	BLJM-61073
BLJM-61077	Tears to Tiara II: Haou no Matsuei	N/A	NTSC-J	N/A	BLJM-61077
BLJM-61078	Sangokushi 12 with Power-Up Kit	N/A	NTSC-J	N/A	BLJM-61078
BLJM-61079	Hatsune Miku: Project Diva F 2nd	Japanese	NTSC-J	N/A	BLJM-61079
BLJM-61080	Air Conflicts: Vietnam	N/A	NTSC-J	N/A	BLJM-61080
BLJM-61081	Medal of Honor: Warfighter	N/A	NTSC-J	N/A	BLJM-61081
BLJM-61083	Jikkyou Powerful Pro Yakyuu 2013	N/A	NTSC-J	N/A	BLJM-61083
BLJM-61085	Dead or Alive 5 Ultimate	N/A	NTSC-J	N/A	BLJM-61085
BLJM-61086	The Elder Scrolls V: Skyrim: Legendary Edition	Japanese	NTSC-J	N/A	BLJM-61086
BLJM-61087	FIFA 14: World Class Soccer	N/A	NTSC-J	N/A	BLJM-61087
BLJM-61088	Rui wa Tomo o Yobu	Japanese	NTSC-J	N/A	BLJM-61088
BLJM-61089	Fairy Fencer F	Japanese	NTSC-J	N/A	BLJM-61089
BLJM-61090	Fairy Fencer F	Japanese	NTSC-J	N/A	BLJM-61090
BLJM-61091	Himawari no Kyoukai to Nagai Natsuyasumi: Extra Vacation	N/A	NTSC-J	N/A	BLJM-61091
BLJM-61092	Sengoku Musou 2 with Moushouden & Empires HD Version	N/A	NTSC-J	N/A	BLJM-61092
BLJM-61093	Final Fantasy X | X-2: HD Remaster	Japanese	NTSC-J	N/A	BLJM-61093
BLJM-61094	End of Eternity	Japanese	NTSC-J	N/A	BLJM-61094
BLJM-61095	Final Fantasy XIV Online: Shinsei Eorzea	N/A	NTSC-J	N/A	BLJM-61095
BLJM-61096	Batman: Arkham Origins	Japanese	NTSC-J	N/A	BLJM-61096
BLJM-61097	Puyo Puyo Tetris	Japanese	NTSC-J	N/A	BLJM-61097
BLJM-61098	Phantom Breaker: Extra	Japanese	NTSC-J	N/A	BLJM-61098
BLJM-61099	Need for Speed: Most Wanted: A Criterion Game	Japanese	NTSC-J	N/A	BLJM-61099
BLJM-61100	Root Double: Before Crime * After Days: Xtend Edition	N/A	NTSC-J	N/A	BLJM-61100
BLJM-61101	Shin Koi-hime Musou: Otome Taisen Sangokushi Engi	Japanese	NTSC-J	N/A	BLJM-61101
BLJM-61102	Painkiller: Hell & Damnation	N/A	NTSC-J	N/A	BLJM-61102
BLJM-61103	Sengoku-hime 4: Souhahyakkei, Hana Mamoru Chikai	N/A	NTSC-J	N/A	BLJM-61103
BLJM-61104	Sengoku-hime 4: Souhahyakkei, Hana Mamoru Chikai	N/A	NTSC-J	N/A	BLJM-61104
BLJM-61105	Akiba's Trip 2	Japanese	NTSC-J	N/A	BLJM-61105
BLJM-61106	World Soccer Winning Eleven 2014	Japanese	NTSC-J	N/A	BLJM-61106
BLJM-61107	Akumajou Dracula: Lords of Shadow 2	English / Japanese	NTSC-J	N/A	BLJM-61107
BLJM-61108	The Walking Dead: A Telltale Games Series	N/A	NTSC-J	N/A	BLJM-61108
BLJM-61112	Call of Duty: Modern Warfare 3	Japanese	NTSC-J	N/A	BLJM-61112
BLJM-61113	Dark Souls II	Japanese	NTSC-J	N/A	BLJM-61113
BLJM-61114	Dishonored: Game of the Year Edition	N/A	NTSC-J	N/A	BLJM-61114
BLJM-61116	Batman: Arkham Asylum	Japanese	NTSC-J	N/A	BLJM-61116
BLJM-61117	Batman: Arkham City	English / French / German / Italian / Japanese / Korean / Polish / Portuguese / Russian / Spanish	NTSC-J	N/A	BLJM-61117
BLJM-61118	Kaihou Shoujo: Sin	Japanese	NTSC-J	N/A	BLJM-61118
BLJM-61119	Winning Post 8	N/A	NTSC-J	N/A	BLJM-61119
BLJM-61120	Rozen Maiden: Wechseln Sie Welt ab	Japanese	NTSC-J	N/A	BLJM-61120
BLJM-61121	Nobunaga no Yabou: Souzou	N/A	NTSC-J	N/A	BLJM-61121
BLJM-61123	Ginsei Igo 2: Next Generation	N/A	NTSC-J	N/A	BLJM-61123
BLJM-61124	Rocksmith 2014	Japanese	NTSC-J	N/A	BLJM-61124
BLJM-61125	Call of Duty: Ghosts	Japanese	NTSC-J	N/A	BLJM-61125
BLJM-61126	Call of Duty: Ghosts	N/A	NTSC-J	N/A	BLJM-61126
BLJM-61127	Shin Rorona no Atelier: Hajimari no Monogatari: Arland no Renkinjutsushi	N/A	NTSC-J	N/A	BLJM-61127
BLJM-61128	Shin Sangoku Musou 7: Moushouden	N/A	NTSC-J	N/A	BLJM-61128
BLJM-61129	Shin Sangoku Musou 7 with Moushouden	N/A	NTSC-J	N/A	BLJM-61129
BLJM-61131	'&': Sora no Mukou de Sakimasu You ni	N/A	NTSC-J	N/A	BLJM-61131
BLJM-61135	Metal Gear Solid V: Ground Zeroes	English / Japanese	NTSC-J	N/A	BLJM-61135
BLJM-61136	Diablo III	English / Japanese	NTSC-J	N/A	BLJM-61136
BLJM-61137	BandFuse: Rock Legends	N/A	NTSC-J	N/A	BLJM-61137
BLJM-61138	Sengoku-hime 3: Tenka o Kirisaku Hikari to Kage	N/A	NTSC-J	N/A	BLJM-61138
BLJM-61139	Motto! SoniComi: More Communication with Sonico	N/A	NTSC-J	N/A	BLJM-61139
BLJM-61140	Shin Gundam Musou	N/A	NTSC-J	N/A	BLJM-61140
BLJM-61144	Sengoku Musou 4	N/A	NTSC-J	N/A	BLJM-61144
BLJM-61145	Sonic & All-Stars Racing Transformed	N/A	NTSC-J	N/A	BLJM-61145
BLJM-61146	IS: Infinite Stratos 2: Ignition Hearts	Japanese	NTSC-J	N/A	BLJM-61146
BLJM-61147	Ultra Street Fighter IV	N/A	NTSC-J	N/A	BLJM-61147
BLJM-61148	Pro Yakyuu Spirits 2014	N/A	NTSC-J	N/A	BLJM-61148
BLJM-61149	Ryuu ga Gotoku: Ishin!	Japanese	NTSC-J	N/A	BLJM-61149
BLJM-61150	Ar nosurge: Umareizuru Hoshi e Inoru Uta	Japanese	NTSC-J	N/A	BLJM-61150
BLJM-61152	Army of Two: The Devil's Cartel	N/A	NTSC-J	N/A	BLJM-61152
BLJM-61153	Strider Hiryuu	Japanese	NTSC-J	N/A	BLJM-61153
BLJM-61156	Shining Resonance	N/A	NTSC-J	N/A	BLJM-61156
BLJM-61157	Kagero: Darkside Princess	Japanese	NTSC-J	N/A	BLJM-61157
BLJM-61162	2014 FIFA World Cup Brazil	N/A	NTSC-J	N/A	BLJM-61162
BLJM-61163	Yaiba: Ninja Gaiden Z	Chinese / English / French / German / Italian / Japanese / Spanish	NTSC-J	N/A	BLJM-61163
BLJM-61164	Far Cry 3	English / Japanese	NTSC-J	N/A	BLJM-61164
BLJM-61166	Lost Dimension	Japanese	NTSC-J	N/A	BLJM-61166
BLJM-61167	F1 2013: Complete Edition	N/A	NTSC-J	N/A	BLJM-61167
BLJM-61169	The Lord of the Rings: War in the North	N/A	NTSC-J	N/A	BLJM-61169
BLJM-61171	Assassin's Creed III	Chinese / English / Japanese / Korean	NTSC-J	N/A	BLJM-61171
BLJM-61172	Sleeping Dogs: Hong Kong Himitsu Keisatsu	N/A	NTSC-J	N/A	BLJM-61172
BLJM-61174	Assassin's Creed: Connor Saga	N/A	NTSC-J	N/A	BLJM-61174
BLJM-61175	Muv-Luv Photonflowers	Japanese	NTSC-J	N/A	BLJM-61175
BLJM-61176	World Soccer Winning Eleven 2014: Aoki Samurai no Chousen	N/A	NTSC-J	N/A	BLJM-61176
BLJM-61177	Monster Hunter Frontier G	Japanese	NTSC-J	N/A	BLJM-61177
BLJM-61178	Thief	English / Japanese	NTSC-J	N/A	BLJM-61178
BLJM-61179	Far Cry 4	N/A	NTSC-J	N/A	BLJM-61179
BLJM-61182	Grand Theft Auto V	English / Japanese	NTSC-J	N/A	BLJM-61182
BLJM-61183	Eiyuu Densetsu: Sen no Kiseki II	Japanese	NTSC-J	N/A	BLJM-61183
BLJM-61184	Kono Oozora ni, Tsubasa o Hirogete: Cruise Sign	Japanese	NTSC-J	N/A	BLJM-61184
BLJM-61186	Saikyou Shougi: Gekisashi 13	N/A	NTSC-J	N/A	BLJM-61186
BLJM-61187	Cross Channel: For All People	N/A	NTSC-J	N/A	BLJM-61187
BLJM-61188	Caladrius Blaze	Japanese	NTSC-J	N/A	BLJM-61188
BLJM-61189	Date A Live: Arusu Install	Japanese	NTSC-J	N/A	BLJM-61189
BLJM-61190	Date A Live: Arusu Install	Japanese	NTSC-J	N/A	BLJM-61190
BLJM-61192	Shallie no Atelier: Tasogare no Umi no Renkinjutsushi	N/A	NTSC-J	N/A	BLJM-61192
BLJM-61194	Plants vs. Zombies: Garden Warfare	N/A	NTSC-J	N/A	BLJM-61194
BLJM-61195	WRC 4: FIA World Rally Championship	N/A	NTSC-J	N/A	BLJM-61195
BLJM-61196	Battlefield 3	Japanese	NTSC-J	N/A	BLJM-61196
BLJM-61197	Diablo III: Reaper of Souls: Ultimate Evil Edition	English / Japanese	NTSC-J	N/A	BLJM-61197
BLJM-61198	Devil May Cry: HD Collection	English / French / German / Italian / Japanese / Spanish	NTSC-J	N/A	BLJM-61198
BLJM-61199	Biohazard: Revelations 2	Chinese / English / French / German / Italian / Japanese / Korean / Polish / Portuguese / Russian / Spanish	NTSC-J	N/A	BLJM-61199
BLJM-61200	Muv-Luv Photonmelodies	N/A	NTSC-J	N/A	BLJM-61200
BLJM-61201	Wolfenstein: The New Order	Japanese	NTSC-J	N/A	BLJM-61201
BLJM-61202	FIFA 15	N/A	NTSC-J	N/A	BLJM-61202
BLJM-61203	Battlefield Hardline	English / Japanese	NTSC-J	N/A	BLJM-61203
BLJM-61204	Dragon Age: Inquisition	N/A	NTSC-J	N/A	BLJM-61204
BLJM-61205	Monster Hunter Frontier G	Japanese	NTSC-J	N/A	BLJM-61205
BLJM-61207	Grid Autosport	N/A	NTSC-J	N/A	BLJM-61207
BLJM-61208	Assassin's Creed: Rogue	English / Japanese	NTSC-J	N/A	BLJM-61208
BLJM-61209	Persona 4: The Ultimax Ultra Suplex Hold	Japanese	NTSC-J	N/A	BLJM-61209
BLJM-61210	Dengeki Bunko: Fighting Climax	Japanese	NTSC-J	N/A	BLJM-61210
BLJM-61211	Biohazard: HD Remaster	English / French / German / Italian / Japanese / Spanish	NTSC-J	N/A	BLJM-61211
BLJM-61212	Dragon Age: Inquisition	N/A	NTSC-J	N/A	BLJM-61212
BLJM-61215	Jikkyou Powerful Pro Yakyuu 2014	Japanese	NTSC-J	N/A	BLJM-61215
BLJM-61216	Transformers: Rise of the Dark Spark	N/A	NTSC-J	N/A	BLJM-61216
BLJM-61218	The Amazing Spider-Man 2	N/A	NTSC-J	N/A	BLJM-61218
BLJM-61219	F1 2014	N/A	NTSC-J	N/A	BLJM-61219
BLJM-61220	Kingdom Hearts: HD 2.5 ReMIX	Japanese	NTSC-J	N/A	BLJM-61220
BLJM-61223	Kingdom Hearts: HD 1.5 ReMIX	Japanese	NTSC-J	N/A	BLJM-61223
BLJM-61224	Kingdom Hearts: HD 2.5 ReMIX	Japanese	NTSC-J	N/A	BLJM-61224
BLJM-61225	Shin Sangoku Musou 7: Empires	Japanese	NTSC-J	N/A	BLJM-61225
BLJM-61226	Persona 4: The Ultimax Ultra Suplex Hold	Japanese	NTSC-J	N/A	BLJM-61226
BLJM-61227	Call of Duty: Advanced Warfare	N/A	NTSC-J	N/A	BLJM-61227
BLJM-61228	Call of Duty: Advanced Warfare	N/A	NTSC-J	N/A	BLJM-61228
BLJM-61230	Call of Duty: Black Ops II	Japanese	NTSC-J	N/A	BLJM-61230
BLJM-61231	Call of Duty: Black Ops II	N/A	NTSC-J	N/A	BLJM-61231
BLJM-61232	Call of Duty: Ghosts	Japanese	NTSC-J	N/A	BLJM-61232
BLJM-61233	Call of Duty: Ghosts	N/A	NTSC-J	N/A	BLJM-61233
BLJM-61234	LEGO Movie: The Game	Japanese	NTSC-J	N/A	BLJM-61234
BLJM-61235	Psycho Break	English / Japanese	NTSC-J	N/A	BLJM-61235
BLJM-61238	Zettai Geigeki Wars: Metropolis Defenders	N/A	NTSC-J	N/A	BLJM-61238
BLJM-61239	Odin Sphere: Leifthrasir	Japanese	NTSC-J	N/A	BLJM-61239
BLJM-61242	LEGO Marvel Super Heroes: The Game	Japanese	NTSC-J	N/A	BLJM-61242
BLJM-61243	LEGO Batman 3: The Game: Gotham kara Uchuu e	Japanese	NTSC-J	N/A	BLJM-61243
BLJM-61244	Nobunaga no Yabou: Souzou with Power-Up Kit	N/A	NTSC-J	N/A	BLJM-61244
BLJM-61245	Sengoku-hime 5: Senka Tatsu Haou no Keifu	N/A	NTSC-J	N/A	BLJM-61245
BLJM-61247	Metal Gear Solid V: The Phantom Pain	English / Japanese	NTSC-J	N/A	BLJM-61247
BLJM-61248	Sengoku Basara 4: Sumeragi	Japanese	NTSC-J	N/A	BLJM-61248
BLJM-61249	Ryuu ga Gotoku 0: Chikai no Basho	N/A	NTSC-J	N/A	BLJM-61249
BLJM-61251	Bladestorm: Hyakunen Sensou & Nightmare	N/A	NTSC-J	N/A	BLJM-61251
BLJM-61254	Aquapazza: Aquaplus Dream Match	Japanese	NTSC-J	N/A	BLJM-61254
BLJM-61255	Higurashi no Naku Koro ni Sui	Japanese	NTSC-J	N/A	BLJM-61255
BLJM-61256	Dragon Quest Heroes: Yamiryuu to Sekaiju no Shiro	Japanese	NTSC-J	N/A	BLJM-61256
BLJM-61257	Sengoku Musou 4 II	N/A	NTSC-J	N/A	BLJM-61257
BLJM-61258	Dead or Alive 5: Last Round	Japanese	NTSC-J	N/A	BLJM-61258
BLJM-61259	Rewrite	N/A	NTSC-J	N/A	BLJM-61259
BLJM-61260	Dark Souls II: Scholar of the First Sin	Japanese	NTSC-J	N/A	BLJM-61260
BLJM-61261	One Piece: Kaizoku Musou 3	N/A	NTSC-J	N/A	BLJM-61261
BLJM-61262	Winning Post 8 2015	N/A	NTSC-J	N/A	BLJM-61262
BLJM-61263	Pro Yakyuu Spirits 2015	N/A	NTSC-J	N/A	BLJM-61263
BLJM-61264	Yoru no Nai Kuni	Japanese	NTSC-J	N/A	BLJM-61264
BLJM-61265	Daisenryaku: Daitoua Kouboushi 3: Dainiji Sekai Taisen Boppatsu! Suujikugun Tai Rengougun Zen Sekaisen	N/A	NTSC-J	N/A	BLJM-61265
BLJM-61266	Gendai Daisenryaku 2016: Chitsujo no Houkai: Haken Kokka Shittsui	N/A	NTSC-J	N/A	BLJM-61266
BLJM-61267	Kagero: Mou 1-ri no Princess	Japanese	NTSC-J	N/A	BLJM-61267
BLJM-61269	Chaos;Child	N/A	NTSC-J	N/A	BLJM-61269
BLJM-61270	Middle-Earth: Shadow of Mordor	N/A	NTSC-J	N/A	BLJM-61270
BLJM-61272	Biohazard Zero: HD Remaster	English / French / German / Italian / Japanese / Spanish	NTSC-J	N/A	BLJM-61272
BLJM-61273	Assassin's Creed IV: Black Flag	Chinese / English / Japanese / Korean	NTSC-J	N/A	BLJM-61273
BLJM-61274	Koi-hime Enbu	N/A	NTSC-J	N/A	BLJM-61274
BLJM-61281	FIFA 16	N/A	NTSC-J	N/A	BLJM-61281
BLJM-61282	Final Fantasy XIV Online	N/A	NTSC-J	N/A	BLJM-61282
BLJM-61283	Final Fantasy XIV Online: Heavensward	N/A	NTSC-J	N/A	BLJM-61283
BLJM-61285	FIFA 15	N/A	NTSC-J	N/A	BLJM-61285
BLJM-61287	Assassin's Creed: Connor Saga	N/A	NTSC-J	N/A	BLJM-61287
BLJM-61288	Utawareru Mono: Itsuwari no Kamen	N/A	NTSC-J	N/A	BLJM-61288
BLJM-61290	IS: Infinite Stratos 2: Love and Purge	Japanese	NTSC-J	N/A	BLJM-61290
BLJM-61291	World Soccer Winning Eleven 2015	N/A	NTSC-J	N/A	BLJM-61291
BLJM-61294	Ride	N/A	NTSC-J	N/A	BLJM-61294
BLJM-61297	MotoGP 15	N/A	NTSC-J	N/A	BLJM-61297
BLJM-61298	LEGO Jurassic World	Japanese	NTSC-J	N/A	BLJM-61298
BLJM-61299	Nitroplus Blasterz: Heroines Infinite Duel	Japanese	NTSC-J	N/A	BLJM-61299
BLJM-61301	Winning Eleven 2016	N/A	NTSC-J	N/A	BLJM-61301
BLJM-61303	Steins;Gate 0	N/A	NTSC-J	N/A	BLJM-61303
BLJM-61304	Grand Theft Auto V	English / Japanese	NTSC-J	N/A	BLJM-61304
BLJM-61305	Tom Clancy's Rainbow Six: Vegas 1 + 2	N/A	NTSC-J	N/A	BLJM-61305
BLJM-61307	Sengoku Musou 4: Empires	N/A	NTSC-J	N/A	BLJM-61307
BLJM-61308	Arslan Senki x Musou	N/A	NTSC-J	N/A	BLJM-61308
BLJM-61309	Sophie no Atelier: Fushigi na Hon no Renkinjutsushi	Japanese	NTSC-J	N/A	BLJM-61309
BLJM-61310	Blade Arcus from Shining EX	Japanese	NTSC-J	N/A	BLJM-61310
BLJM-61311	Dragon Quest Builders: Alefgard o Fukkatsu Seyo	N/A	NTSC-J	N/A	BLJM-61311
BLJM-61312	Farming Simulator 15	N/A	NTSC-J	N/A	BLJM-61312
BLJM-61313	Ryuu ga Gotoku Kiwami	Japanese	NTSC-J	N/A	BLJM-61313
BLJM-61316	Nitroplus Blasterz: Heroines Infinite Duel	Japanese	NTSC-J	N/A	BLJM-61316
BLJM-61317	Jikkyou Powerful Pro Yakyuu 2016	N/A	NTSC-J	N/A	BLJM-61317
BLJM-61320	Sangokushi 13	N/A	NTSC-J	N/A	BLJM-61320
BLJM-61322	Dengeki Bunko: Fighting Climax Ignition	Japanese	NTSC-J	N/A	BLJM-61322
BLJM-61325	Star Ocean: Integrity and Faithlessness	Japanese	NTSC-J	N/A	BLJM-61325
BLJM-61326	Shingeki no Kyojin	N/A	NTSC-J	N/A	BLJM-61326
BLJM-61327	Grand Theft Auto: San Andreas	N/A	NTSC-J	N/A	BLJM-61327
BLJM-61328	Winning Post 8 2016	N/A	NTSC-J	N/A	BLJM-61328
BLJM-61329	LEGO Marvel Avengers	English / Japanese	NTSC-J	N/A	BLJM-61329
BLJM-61330	LEGO Star Wars: Force no Kakusei	Japanese	NTSC-J	N/A	BLJM-61330
BLJM-61331	Utawareru Mono: Futari no Hakuoro	N/A	NTSC-J	N/A	BLJM-61331
BLJM-61332	Sengoku Basara: Sanada Yukimura-den	N/A	NTSC-J	N/A	BLJM-61332
BLJM-61333	Nobunaga no Yabou: Souzou: Sengoku Risshiden	N/A	NTSC-J	N/A	BLJM-61333
BLJM-61334	Assassin's Creed: Rogue	English / Japanese	NTSC-J	N/A	BLJM-61334
BLJM-61339	UEFA Euro 2016: France: Winning Eleven 2016	N/A	NTSC-J	N/A	BLJM-61339
BLJM-61340	FIFA 17	N/A	NTSC-J	N/A	BLJM-61340
BLJM-61341	Dragon Quest Heroes II: Futago no Ou to Yogen no Owari	N/A	NTSC-J	N/A	BLJM-61341
BLJM-61342	The Walking Dead: Season Two: A Telltale Games Series	N/A	NTSC-J	N/A	BLJM-61342
BLJM-61344	Toukiden 2	N/A	NTSC-J	N/A	BLJM-61344
BLJM-61346	Persona 5	Japanese	NTSC-J	N/A	BLJM-61346
BLJM-61347	Shin Sangoku Musou: Eiketsuden	Japanese	NTSC-J	N/A	BLJM-61347
BLJM-61349	Sangokushi 13 with Power-Up Kit	N/A	NTSC-J	N/A	BLJM-61349
BLJM-61350	Sengoku Musou: Sanada Maru	N/A	NTSC-J	N/A	BLJM-61350
BLJM-61351	Adventure Time: Nameless Oukoku no 3-nin no Princess	N/A	NTSC-J	N/A	BLJM-61351
BLJM-61353	Winning Post 8 2017	N/A	NTSC-J	N/A	BLJM-61353
BLJM-61355	FIFA 18: Legacy Edition	N/A	NTSC-J	N/A	BLJM-61355
BLJM-61356	Winning Eleven 2017	N/A	NTSC-J	N/A	BLJM-61356
BLJM-61357	Winning Eleven 2018	N/A	NTSC-J	N/A	BLJM-61357
BLJM-61358	FIFA 17	N/A	NTSC-J	N/A	BLJM-61358
BLJM-67001	Metal Gear Solid 4: Guns of the Patriots	Japanese	NTSC-J	N/A	BLJM-67001
BLJM-67002	Metal Gear Solid 4: Guns of the Patriots	Japanese	NTSC-J	N/A	BLJM-67002
BLJM-67005	Final Fantasy XIII	Japanese	NTSC-J	N/A	BLJM-67005
BLJM-67007	UFC Undisputed 2010	N/A	NTSC-J	N/A	BLJM-67007
BLJM-67010	Final Fantasy XIII	Japanese	NTSC-J	N/A	BLJM-67010
BLJM-67014	Metal Gear Solid 4: Guns of the Patriots	Japanese	NTSC-J	N/A	BLJM-67014
BLJM-67021	Assassin's Creed: Ezio Saga	N/A	NTSC-J	N/A	BLJM-67021
BLJM-70001	FIFA 19: Legacy Edition	N/A	NTSC-J	N/A	BLJM-70001
BLJM-85001	Monster Hunter Portable 3rd: HD Ver.	Japanese	NTSC-J	N/A	BLJM-85001
BLJM-85002	K-ON! Houkago Live!! HD Ver.	Japanese	NTSC-J	N/A	BLJM-85002
BLJM-85004	Eiyuu Densetsu: Sora no Kiseki FC: Kai: HD Edition	Japanese	NTSC-J	N/A	BLJM-85004
BLJM-85005	Eiyuu Densetsu: Sora no Kiseki SC: Kai: HD Edition	Japanese	NTSC-J	N/A	BLJM-85005
BLJM-85006	Eiyuu Densetsu: Sora no Kiseki the 3rd: Kai: HD Edition	N/A	NTSC-J	N/A	BLJM-85006
BLJM-90001	Biohazard 5	English / French / German / Italian / Japanese / Spanish	NTSC-J	N/A	BLJM-90001
BLJM-91001	Metal Gear Solid: The Legacy Collection 1987-2012 (Disc 1)	Japanese	NTSC-J	N/A	BLJM-91001
BLJS-10001	Ridge Racer 7	English / Japanese	NTSC-J	N/A	BLJS-10001
BLJS-10002	Mobile Suit Gundam: Target in Sight	English / Japanese	NTSC-J	N/A	BLJS-10002
BLJS-10003	Enchant Arm	Japanese	NTSC-J	N/A	BLJS-10003
BLJS-10004	Untold Legends: Dark Kingdom	English / Japanese	NTSC-J	N/A	BLJS-10004
BLJS-10005	Ninja Gaiden Sigma	English / Japanese	NTSC-J	N/A	BLJS-10005
BLJS-10006	Yamasa Digi World SP: Bounty Killer	Japanese	NTSC-J	N/A	BLJS-10006
BLJS-10007	Blazing Angels: Squadrons of WWII	N/A	NTSC-J	N/A	BLJS-10007
BLJS-10008	Spider-Man 3	Japanese	NTSC-J	N/A	BLJS-10008
BLJS-10009	Makai Senki Disgaea 3	N/A	NTSC-J	N/A	BLJS-10009
BLJS-10010	Time Crisis 4	Japanese	NTSC-J	N/A	BLJS-10010
BLJS-10011	Makai Senki Disgaea 3	N/A	NTSC-J	N/A	BLJS-10011
BLJS-10012	Railfan: Taiwan Koutetsu	Chinese / English / Japanese	NTSC-J	N/A	BLJS-10012
BLJS-10013	Call of Duty 4: Modern Warfare	Japanese	NTSC-J	N/A	BLJS-10013
BLJS-10014	Transformers: The Game	Japanese	NTSC-J	N/A	BLJS-10014
BLJS-10015	Guitar Hero III: Legends of Rock	N/A	NTSC-J	N/A	BLJS-10015
BLJS-10016	LEGO Star Wars: The Complete Saga	Japanese	NTSC-J	N/A	BLJS-10016
BLJS-10017	Trusty Bell: Chopin no Yume Reprise	Japanese	NTSC-J	N/A	BLJS-10017
BLJS-10018	NBA 2K8	N/A	NTSC-J	N/A	BLJS-10018
BLJS-10019	Haze	N/A	NTSC-J	N/A	BLJS-10019
BLJS-10020	Dragon Ball Z: Burst Limit	Japanese	NTSC-J	N/A	BLJS-10020
BLJS-10021	Dark Sector	N/A	NTSC-J	N/A	BLJS-10021
BLJS-10022	Enemy Territory: Quake Wars	Japanese	NTSC-J	N/A	BLJS-10022
BLJS-10023	The Darkness	N/A	NTSC-J	N/A	BLJS-10023
BLJS-10024	DreamWorks Kung Fu Panda	N/A	NTSC-J	N/A	BLJS-10024
BLJS-10025	Kane & Lynch: Dead Men	N/A	NTSC-J	N/A	BLJS-10025
BLJS-10026	Soulcalibur IV	English / French / German / Italian / Japanese / Spanish	NTSC-J	N/A	BLJS-10026
BLJS-10028	Double Clutch	N/A	NTSC-J	N/A	BLJS-10028
BLJS-10030	Guitar Hero: Aerosmith	N/A	NTSC-J	N/A	BLJS-10030
BLJS-10031	Call of Duty 4: Modern Warfare	Japanese	NTSC-J	N/A	BLJS-10031
BLJS-10034	The Elder Scrolls IV: Oblivion: Game of the Year Edition	Japanese	NTSC-J	N/A	BLJS-10034
BLJS-10037	Fracture	N/A	NTSC-J	N/A	BLJS-10037
BLJS-10039	Samurai Dou 3	Japanese	NTSC-J	N/A	BLJS-10039
BLJS-10041	BioShock	N/A	NTSC-J	N/A	BLJS-10041
BLJS-10042	LEGO Batman: The Videogame	Japanese	NTSC-J	N/A	BLJS-10042
BLJS-10043	Naruto: Narutimate Storm	Japanese	NTSC-J	N/A	BLJS-10043
BLJS-10044	Tomb Raider: Underworld	Japanese	NTSC-J	N/A	BLJS-10044
BLJS-10045	The King of Fighters XII	N/A	NTSC-J	N/A	BLJS-10045
BLJS-10046	Midnight Club: Los Angeles	Japanese	NTSC-J	N/A	BLJS-10046
BLJS-10047	Katamari Damashii Tribute	Japanese	NTSC-J	N/A	BLJS-10047
BLJS-10048	NBA 2K9	N/A	NTSC-J	N/A	BLJS-10048
BLJS-10049	NHL 2K9	N/A	NTSC-J	N/A	BLJS-10049
BLJS-10050	Kidou Senshi Gundam Senki	Japanese	NTSC-J	N/A	BLJS-10050
BLJS-10051	Major League Baseball 2K9	N/A	NTSC-J	N/A	BLJS-10051
BLJS-10052	Top Spin 3	N/A	NTSC-J	N/A	BLJS-10052
BLJS-10053	Tales of Vesperia	Japanese	NTSC-J	N/A	BLJS-10053
BLJS-10054	Wanted: Weapons of Fate	N/A	NTSC-J	N/A	BLJS-10054
BLJS-10056	50 Cent: Blood on the Sand	Japanese	NTSC-J	N/A	BLJS-10056
BLJS-10058	BioShock	N/A	NTSC-J	N/A	BLJS-10058
BLJS-10059	Kane & Lynch: Dead Men	N/A	NTSC-J	N/A	BLJS-10059
BLJS-10060	Janline R	N/A	NTSC-J	N/A	BLJS-10060
BLJS-10062	WET	Japanese	NTSC-J	N/A	BLJS-10062
BLJS-10063	Makai Senki Disgaea 3: Raspberyl-hen Hajimemashita.	N/A	NTSC-J	N/A	BLJS-10063
BLJS-10064	NBA 2K10	N/A	NTSC-J	N/A	BLJS-10064
BLJS-10065	NHL 2K10	N/A	NTSC-J	N/A	BLJS-10065
BLJS-10066	Dragon Ball: Raging Blast	N/A	NTSC-J	N/A	BLJS-10066
BLJS-10067	Tekken 6	English / French / German / Italian / Japanese / Korean / Russian / Spanish	NTSC-J	N/A	BLJS-10067
BLJS-10069	Fallout 3: Tsuika Contents Pack	N/A	NTSC-J	N/A	BLJS-10069
BLJS-10070	Last Rebellion	N/A	NTSC-J	N/A	BLJS-10070
BLJS-10071	Sacred 2: Fallen Angel	N/A	NTSC-J	N/A	BLJS-10071
BLJS-10072	No More Heroes: Eiyuu-tachi no Rakuen	Japanese	NTSC-J	N/A	BLJS-10072
BLJS-10075	Ar tonelico III: Sekai Shuuen no Hikigane wa Shoujo no Uta ga Hiku	Japanese	NTSC-J	N/A	BLJS-10075
BLJS-10076	Eat Lead: Matt Hazard no Gyakushuu	N/A	NTSC-J	N/A	BLJS-10076
BLJS-10078	BioShock 2	English / Japanese	NTSC-J	N/A	BLJS-10078
BLJS-10079	Pachi Para 15: Super Umi in Okinawa 2	N/A	NTSC-J	N/A	BLJS-10079
BLJS-10080	Clash of the Titans: The Videogame	Japanese	NTSC-J	N/A	BLJS-10080
BLJS-10081	Another Century's Episode R	Japanese	NTSC-J	N/A	BLJS-10081
BLJS-10082	Dead to Rights: Retribution	N/A	NTSC-J	N/A	BLJS-10082
BLJS-10083	The Idolmaster 2	Japanese	NTSC-J	N/A	BLJS-10083
BLJS-10084	Naruto Shippuuden: Narutimate Storm 2	N/A	NTSC-J	N/A	BLJS-10084
BLJS-10085	Dragon Ball: Raging Blast 2	N/A	NTSC-J	N/A	BLJS-10085
BLJS-10086	Red Faction: Guerrilla	N/A	NTSC-J	N/A	BLJS-10086
BLJS-10088	Knights Contract	Japanese	NTSC-J	N/A	BLJS-10088
BLJS-10089	Enslaved: Odyssey to the West	N/A	NTSC-J	N/A	BLJS-10089
BLJS-10090	Major League Baseball 2K10	N/A	NTSC-J	N/A	BLJS-10090
BLJS-10091	Big 3 Gun Shooting	Japanese	NTSC-J	N/A	BLJS-10091
BLJS-10092	Pachi Para 16: Gingira Paradise 2	N/A	NTSC-J	N/A	BLJS-10092
BLJS-10093	Tales of Graces f	N/A	NTSC-J	N/A	BLJS-10093
BLJS-10095	Makai Senki Disgaea 4	Japanese	NTSC-J	N/A	BLJS-10095
BLJS-10096	Sekai Saikyou Ginsei Igo: Hybrid Monte Carlo	N/A	NTSC-J	N/A	BLJS-10096
BLJS-10098	Majin to Ushinawareta Oukoku	Japanese	NTSC-J	N/A	BLJS-10098
BLJS-10099	428: Fuusa Sareta Shibuya de	Japanese	NTSC-J	N/A	BLJS-10099
BLJS-10102	Bikkuri Pachinko: Ashita no Joe: Kyoraku Collection Vol. 1	N/A	NTSC-J	N/A	BLJS-10102
BLJS-10103	Dragon Age: Origins	Japanese	NTSC-J	N/A	BLJS-10103
BLJS-10106	Rune Factory: Oceans	N/A	NTSC-J	N/A	BLJS-10106
BLJS-10107	Samurai Dou 4	Japanese	NTSC-J	N/A	BLJS-10107
BLJS-10109	Suzumiya Haruhi no Tsuisou	N/A	NTSC-J	N/A	BLJS-10109
BLJS-10110	Pachi Para 17: Shinkai Monogatari with Agnes Lum	N/A	NTSC-J	N/A	BLJS-10110
BLJS-10111	Top Spin 4	N/A	NTSC-J	N/A	BLJS-10111
BLJS-10112	Major League Baseball 2K11	N/A	NTSC-J	N/A	BLJS-10112
BLJS-10113	Earth Defense Force: Insect Armageddon	Japanese	NTSC-J	N/A	BLJS-10113
BLJS-10114	No More Heroes: Red Zone Edition	Japanese	NTSC-J	N/A	BLJS-10114
BLJS-10115	Soulcalibur V	N/A	NTSC-J	N/A	BLJS-10115
BLJS-10116	Dragon Age: Origins: Awakening	N/A	NTSC-J	N/A	BLJS-10116
BLJS-10117	El Shaddai: Ascension of the Metatron	Japanese	NTSC-J	N/A	BLJS-10117
BLJS-10118	Sekai Saikyou Ginsei Shougi: Fuuun Ryuuko Raiden	N/A	NTSC-J	N/A	BLJS-10118
BLJS-10119	Homefront	N/A	NTSC-J	N/A	BLJS-10119
BLJS-10120	Tales of Xillia	Japanese	NTSC-J	N/A	BLJS-10120
BLJS-10121	Duke Nukem Forever	Japanese	NTSC-J	N/A	BLJS-10121
BLJS-10122	Daisenryaku Perfect: Senjou no Hasha	N/A	NTSC-J	N/A	BLJS-10122
BLJS-10123	Angel Senki	N/A	NTSC-J	N/A	BLJS-10123
BLJS-10124	Angel Love Online	N/A	NTSC-J	N/A	BLJS-10124
BLJS-10125	Lollipop Chainsaw: Premium Edition	English / Japanese	NTSC-J	N/A	BLJS-10125
BLJS-10126	Red Faction: Armageddon	N/A	NTSC-J	N/A	BLJS-10126
BLJS-10127	Ace Combat: Assault Horizon	Japanese	NTSC-J	N/A	BLJS-10127
BLJS-10129	Makai Senki Disgaea 4: Fuuka & Desco-hen Hajimemashita.	N/A	NTSC-J	N/A	BLJS-10129
BLJS-10130	Makai Senki Disgaea 4: Fuuka & Desco-hen Hajimemashita.	N/A	NTSC-J	N/A	BLJS-10130
BLJS-10131	Kidou Senshi Gundam: Extreme Vs.	Japanese	NTSC-J	N/A	BLJS-10131
BLJS-10133	Dai-2-Ji Super Robot Taisen OG	Japanese	NTSC-J	N/A	BLJS-10133
BLJS-10135	Dragon Ball: Ultimate Blast	Japanese	NTSC-J	N/A	BLJS-10135
BLJS-10136	NBA 2K12	Japanese	NTSC-J	N/A	BLJS-10136
BLJS-10137	The Darkness II	N/A	NTSC-J	N/A	BLJS-10137
BLJS-10138	The Idolmaster: Gravure for You! Vol. 1	Japanese	NTSC-J	N/A	BLJS-10138
BLJS-10140	The Idolmaster: Gravure for You! Vol. 3	Japanese	NTSC-J	N/A	BLJS-10140
BLJS-10141	The Idolmaster: Gravure for You! Vol. 4	Japanese	NTSC-J	N/A	BLJS-10141
BLJS-10142	The Idolmaster: Gravure for You! Vol. 5	Japanese	NTSC-J	N/A	BLJS-10142
BLJS-10143	The Idolmaster: Gravure for You! Vol. 6	Japanese	NTSC-J	N/A	BLJS-10143
BLJS-10144	The Idolmaster: Gravure for You! Vol. 7	Japanese	NTSC-J	N/A	BLJS-10144
BLJS-10145	The Idolmaster: Gravure for You! Vol. 8	Japanese	NTSC-J	N/A	BLJS-10145
BLJS-10146	The Idolmaster: Gravure for You! Vol. 9	Japanese	NTSC-J	N/A	BLJS-10146
BLJS-10147	The King of Fighters XIII	N/A	NTSC-J	N/A	BLJS-10147
BLJS-10148	Dead Island	N/A	NTSC-J	N/A	BLJS-10148
BLJS-10149	Mahjong Dream C Club	N/A	NTSC-J	N/A	BLJS-10149
BLJS-10150	Ni no Kuni: Shiroki Seihai no Joou	Japanese	NTSC-J	N/A	BLJS-10150
BLJS-10151	The Idolmaster 2	Japanese	NTSC-J	N/A	BLJS-10151
BLJS-10152	Saint Seiya Senki	Japanese	NTSC-J	N/A	BLJS-10152
BLJS-10154	Kidou Senshi Gundam UC	Japanese	NTSC-J	N/A	BLJS-10154
BLJS-10155	Matching Maker 4	N/A	NTSC-J	N/A	BLJS-10155
BLJS-10156	Naruto Shippuuden: Narutimate Storm Generation	Japanese	NTSC-J	N/A	BLJS-10156
BLJS-10157	Meikyuu Touro Legasista	N/A	NTSC-J	N/A	BLJS-10157
BLJS-10158	Shin Kamaitachi no Yoru: 11-ninme no Suspect	N/A	NTSC-J	N/A	BLJS-10158
BLJS-10159	Majo to Hyakkihei	Japanese	NTSC-J	N/A	BLJS-10159
BLJS-10160	Majo to Hyakkihei	Japanese	NTSC-J	N/A	BLJS-10160
BLJS-10161	Dragon Age II	N/A	NTSC-J	N/A	BLJS-10161
BLJS-10167	Kidou Senshi Gundam UC	Japanese	NTSC-J	N/A	BLJS-10167
BLJS-10168	Lollipop Chainsaw	Japanese	NTSC-J	N/A	BLJS-10168
BLJS-10169	Major League Baseball 2K12	N/A	NTSC-J	N/A	BLJS-10169
BLJS-10170	Borderlands: Game of the Year Edition	N/A	NTSC-J	N/A	BLJS-10170
BLJS-10171	Spec Ops: The Line	N/A	NTSC-J	N/A	BLJS-10171
BLJS-10172	The Idolmaster: Gravure for You! Vol. 2	Japanese	NTSC-J	N/A	BLJS-10172
BLJS-10173	Accel World: Gin'yoku no Kakusei	Japanese	NTSC-J	N/A	BLJS-10173
BLJS-10174	Accel World: Gin'yoku no Kakusei	Japanese	NTSC-J	N/A	BLJS-10174
BLJS-10175	Accel World: Kasoku no Chouten	Japanese	NTSC-J	N/A	BLJS-10175
BLJS-10177	Super Hero Generation	N/A	NTSC-J	N/A	BLJS-10177
BLJS-10180	Toki to Towa: Tokitowa	Japanese	NTSC-J	N/A	BLJS-10180
BLJS-10181	Toki to Towa: Tokitowa	Japanese	NTSC-J	N/A	BLJS-10181
BLJS-10182	Macross 30: Ginga o Tsunagu Utagoe	Japanese	NTSC-J	N/A	BLJS-10182
BLJS-10185	Ni no Kuni: Shiroki Seihai no Joou: All in One Edition	Japanese	NTSC-J	N/A	BLJS-10185
BLJS-10187	Tekken Tag Tournament 2	English / French / German / Italian / Japanese / Korean / Russian / Spanish	NTSC-J	N/A	BLJS-10187
BLJS-10188	Tales of Xillia 2	Japanese	NTSC-J	N/A	BLJS-10188
BLJS-10189	BioShock	N/A	NTSC-J	N/A	BLJS-10189
BLJS-10190	Borderlands 2	N/A	NTSC-J	N/A	BLJS-10190
BLJS-10191	Kingdoms of Amalur: Reckoning	N/A	NTSC-J	N/A	BLJS-10191
BLJS-10192	Pachinko Hissatsu Shigotonin IV: Kyoraku Collection Vol. 2	N/A	NTSC-J	N/A	BLJS-10192
BLJS-10194	A Taiheiyou no Arashi: Senkan Yamatokatsuki ni Shutsugekisu	N/A	NTSC-J	N/A	BLJS-10194
BLJS-10195	Z/X: Zekkai no Crusade	Japanese	NTSC-J	N/A	BLJS-10195
BLJS-10196	NBA 2K13	N/A	NTSC-J	N/A	BLJS-10196
BLJS-10197	Gundam Breaker	Japanese	NTSC-J	N/A	BLJS-10197
BLJS-10198	Dead Island: Zombie of the Year Edition	N/A	NTSC-J	N/A	BLJS-10198
BLJS-10199	Darksiders II	English / Japanese	NTSC-J	N/A	BLJS-10199
BLJS-10200	Naruto Shippuuden: Narutimate Storm 3	Japanese	NTSC-J	N/A	BLJS-10200
BLJS-10202	Kami-sama to Unmei Kakumei no Paradox	N/A	NTSC-J	N/A	BLJS-10202
BLJS-10203	Dream C Club: Complete Edipyon!	N/A	NTSC-J	N/A	BLJS-10203
BLJS-10204	Saints Row: The Third: The Full Package	Japanese	NTSC-J	N/A	BLJS-10204
BLJS-10206	Disgaea D2	Japanese	NTSC-J	N/A	BLJS-10206
BLJS-10207	BioShock Infinite	N/A	NTSC-J	N/A	BLJS-10207
BLJS-10208	Dream C Club Zero: Special Edipyon!	N/A	NTSC-J	N/A	BLJS-10208
BLJS-10209	Chikyuu Boueigun 4	N/A	NTSC-J	N/A	BLJS-10209
BLJS-10211	Daisenryaku: Daitoua Kouboushi: Tora Tora Tora Ware Kishuu ni Seikou Seri	N/A	NTSC-J	N/A	BLJS-10211
BLJS-10212	Daito Giken Koushiki Pachi-Slot Simulator Hihouden: Taiyou o Motomeru Monotachi	N/A	NTSC-J	N/A	BLJS-10212
BLJS-10215	Killer Is Dead	Japanese	NTSC-J	N/A	BLJS-10215
BLJS-10216	JoJo no Kimyou na Bouken: All Star Battle	Japanese	NTSC-J	N/A	BLJS-10216
BLJS-10217	JoJo no Kimyou na Bouken: All Star Battle	Japanese	NTSC-J	N/A	BLJS-10217
BLJS-10218	Metro: Last Light	N/A	NTSC-J	N/A	BLJS-10218
BLJS-10219	Kamen Rider: Battride War: Premium TV Sound Edition	Japanese	NTSC-J	N/A	BLJS-10219
BLJS-10220	Kamen Rider: Battride War	Japanese	NTSC-J	N/A	BLJS-10220
BLJS-10221	Oneechanbara Z: Kagura with NoNoNo!	Japanese	NTSC-J	N/A	BLJS-10221
BLJS-10222	Terraria	Japanese	NTSC-J	N/A	BLJS-10222
BLJS-10223	Super Robot Taisen OG Saga: Masoukishin III: Pride of Justice	Japanese	NTSC-J	N/A	BLJS-10223
BLJS-10224	Arcadias no Ikusa-hime	N/A	NTSC-J	N/A	BLJS-10224
BLJS-10225	BlazBlue: Chronophantasma	Japanese	NTSC-J	N/A	BLJS-10225
BLJS-10226	BlazBlue: Chronophantasma	Japanese	NTSC-J	N/A	BLJS-10226
BLJS-10227	XBlaze: Code:Embryo	N/A	NTSC-J	N/A	BLJS-10227
BLJS-10228	Dead Island: Riptide	N/A	NTSC-J	N/A	BLJS-10228
BLJS-10229	Sangoku-hime 2: Kouki Houkou: Mezameshi Taiga	N/A	NTSC-J	N/A	BLJS-10229
BLJS-10231	Tales of Symphonia Unisonant Pack	N/A	NTSC-J	N/A	BLJS-10231
BLJS-10232	NBA 2K14	N/A	NTSC-J	N/A	BLJS-10232
BLJS-10233	Moe Moe Daisensou * Gendaiban++	N/A	NTSC-J	N/A	BLJS-10233
BLJS-10234	Dragon Ball Z: Battle of Z	Japanese	NTSC-J	N/A	BLJS-10234
BLJS-10235	Saint Seiya: Brave Soldiers	Japanese	NTSC-J	N/A	BLJS-10235
BLJS-10238	Ore no Imouto ga Konnani Kawaii Wake ga Nai. Happy End	Japanese	NTSC-J	N/A	BLJS-10238
BLJS-10240	AKB1/149 Ren'ai Sousenkyo	Japanese	NTSC-J	N/A	BLJS-10240
BLJS-10242	Shutsugeki!! Otome-tachi no Senjou 2: Yuukoku o Kakeru Koujo no Tsubasa	N/A	NTSC-J	N/A	BLJS-10242
BLJS-10244	Super Heroine Chronicle	Japanese	NTSC-J	N/A	BLJS-10244
BLJS-10245	Sangoku-hime: Senkou no Taika: Akatsuki no Haryuu	N/A	NTSC-J	N/A	BLJS-10245
BLJS-10246	Saints Row IV	N/A	NTSC-J	N/A	BLJS-10246
BLJS-10248	Super Robot Taisen OG: Infinite Battle	N/A	NTSC-J	N/A	BLJS-10248
BLJS-10249	Kidou Senshi Gundam: Extreme Vs. Full Boost	Japanese	NTSC-J	N/A	BLJS-10249
BLJS-10250	Kidou Senshi Gundam: Extreme Vs. Full Boost	Japanese	NTSC-J	N/A	BLJS-10250
BLJS-10251	Borderlands 2	N/A	NTSC-J	N/A	BLJS-10251
BLJS-10252	Borderlands 2: Game of the Year Edition (Tsuika Contents Disc)	N/A	NTSC-J	N/A	BLJS-10252
BLJS-10254	Sakigake!! Otokojuku: Nihon yo, Kore ga Otoko de Aru!	N/A	NTSC-J	N/A	BLJS-10254
BLJS-10256	Dai-3-Ji Super Robot Taisen Z: Jigoku-hen	Japanese	NTSC-J	N/A	BLJS-10256
BLJS-10257	J-Stars Victory Vs: Anison Sound Edition	Japanese	NTSC-J	N/A	BLJS-10257
BLJS-10258	J-Stars Victory Vs	N/A	NTSC-J	N/A	BLJS-10258
BLJS-10259	CV: Casting Voice	Japanese	NTSC-J	N/A	BLJS-10259
BLJS-10260	The Idolmaster: One for All	Japanese	NTSC-J	N/A	BLJS-10260
BLJS-10262	Kamen Rider: Battride War II	Japanese	NTSC-J	N/A	BLJS-10262
BLJS-10263	Kamen Rider: Battride War II: Premium TV & Movie Sound Edition	N/A	NTSC-J	N/A	BLJS-10263
BLJS-10264	Dream C Club Gogo.	Japanese	NTSC-J	N/A	BLJS-10264
BLJS-10265	Mato Kurenai Yuugekitai	N/A	NTSC-J	N/A	BLJS-10265
BLJS-10266	Harem Tengoku da to Omottara Yandere Jigoku Datta.	N/A	NTSC-J	N/A	BLJS-10266
BLJS-10267	Naruto Shippuuden: Narutimate Storm Revolution	N/A	NTSC-J	N/A	BLJS-10267
BLJS-10268	Natural Doctrine	N/A	NTSC-J	N/A	BLJS-10268
BLJS-10269	Under Night In-Birth: Exe:Late	Japanese	NTSC-J	N/A	BLJS-10269
BLJS-10270	Mobile Suit Gundam: Side Stories	Japanese	NTSC-J	N/A	BLJS-10270
BLJS-10271	Mobile Suit Gundam: Side Stories	Japanese	NTSC-J	N/A	BLJS-10271
BLJS-10272	One Piece: Unlimited World R	Japanese	NTSC-J	N/A	BLJS-10272
BLJS-10273	Natsuiro High School: Seishun Hakusho	Japanese	NTSC-J	N/A	BLJS-10273
BLJS-10274	Arcana Heart 3: Love Max!!!!!	Japanese	NTSC-J	N/A	BLJS-10274
BLJS-10275	Kami-sama to Unmei Kakusei no Cross Thesis	Japanese	NTSC-J	N/A	BLJS-10275
BLJS-10278	Daisenryaku Exceed II	N/A	NTSC-J	N/A	BLJS-10278
BLJS-10279	Shin Hayarigami	Japanese	NTSC-J	N/A	BLJS-10279
BLJS-10280	Dead Island: Double Zombie Pack	N/A	NTSC-J	N/A	BLJS-10280
BLJS-10281	Borderlands: The Pre-Sequel!	N/A	NTSC-J	N/A	BLJS-10281
BLJS-10283	Sacred 3	N/A	NTSC-J	N/A	BLJS-10283
BLJS-10284	Super Robot Taisen OG Saga: Masou Kishin F: Coffin of the End	N/A	NTSC-J	N/A	BLJS-10284
BLJS-10286	Gundam Breaker 2	N/A	NTSC-J	N/A	BLJS-10286
BLJS-10287	NBA 2K15	N/A	NTSC-J	N/A	BLJS-10287
BLJS-10288	Kamen Rider Summonride!	N/A	NTSC-J	N/A	BLJS-10288
BLJS-10289	Guilty Gear Xrd: Sign	Japanese	NTSC-J	N/A	BLJS-10289
BLJS-10290	Super Hero Generation: Special Sound Edition	N/A	NTSC-J	N/A	BLJS-10290
BLJS-10291	Godzilla	Japanese	NTSC-J	N/A	BLJS-10291
BLJS-10292	Dragon Ball Xenoverse	N/A	NTSC-J	N/A	BLJS-10292
BLJS-10293	XBlaze: Lost:Memories	N/A	NTSC-J	N/A	BLJS-10293
BLJS-10295	Hajime no Ippo: The Fighting!	N/A	NTSC-J	N/A	BLJS-10295
BLJS-10296	Downtown Nekketsu Koushinkyoku: Soreyuke Daiundoukai: All Star Special	Japanese	NTSC-J	N/A	BLJS-10296
BLJS-10298	BioShock Infinite: The Complete Edition	Japanese	NTSC-J	N/A	BLJS-10298
BLJS-10299	Dai-3-Ji Super Robot Taisen Z: Tengoku-hen	N/A	NTSC-J	N/A	BLJS-10299
BLJS-10300	BlazBlue: Chronophantasma Extend	Japanese	NTSC-J	N/A	BLJS-10300
BLJS-10301	Ukiyo no Shishi	N/A	NTSC-J	N/A	BLJS-10301
BLJS-10302	The Idolmaster Cinderella Girls: Gravure for You! Vol. 1	Japanese	NTSC-J	N/A	BLJS-10302
BLJS-10303	The Idolmaster Cinderella Girls: Gravure for You! Vol. 2	Japanese	NTSC-J	N/A	BLJS-10303
BLJS-10304	The Idolmaster Cinderella Girls: Gravure for You! Vol. 3	Japanese	NTSC-J	N/A	BLJS-10304
BLJS-10305	The Idolmaster Cinderella Girls: Gravure for You! Vol. 4	Japanese	NTSC-J	N/A	BLJS-10305
BLJS-10306	The Idolmaster Cinderella Girls: Gravure for You! Vol. 5	Japanese	NTSC-J	N/A	BLJS-10306
BLJS-10307	The Idolmaster Cinderella Girls: Gravure for You! Vol. 6	Japanese	NTSC-J	N/A	BLJS-10307
BLJS-10308	The Idolmaster Cinderella Girls: Gravure for You! Vol. 7	Japanese	NTSC-J	N/A	BLJS-10308
BLJS-10309	The Idolmaster Cinderella Girls: Gravure for You! Vol. 8	Japanese	NTSC-J	N/A	BLJS-10309
BLJS-10310	The Idolmaster Cinderella Girls: Gravure for You! Vol. 9	Japanese	NTSC-J	N/A	BLJS-10310
BLJS-10312	Sword Art Online: Lost Song	N/A	NTSC-J	N/A	BLJS-10312
BLJS-10314	Saints Row IV	N/A	NTSC-J	N/A	BLJS-10314
BLJS-10315	Saint Seiya: Soldiers' Soul	Japanese	NTSC-J	N/A	BLJS-10315
BLJS-10316	Mato Kurenai Yuugekitai: Daybreak Special Gigs	N/A	NTSC-J	N/A	BLJS-10316
BLJS-10318	JoJo no Kimyou na Bouken: Eyes of Heaven	Japanese	NTSC-J	N/A	BLJS-10318
BLJS-10319	Kamen Rider: Battride War Sousei	N/A	NTSC-J	N/A	BLJS-10319
BLJS-10322	NBA 2K16	N/A	NTSC-J	N/A	BLJS-10322
BLJS-10323	Disney Infinity 3.0	N/A	NTSC-J	N/A	BLJS-10323
BLJS-10324	Kamen Rider: Battride War Sousei: Memorial TV Sound Edition	N/A	NTSC-J	N/A	BLJS-10324
BLJS-10330	Tales of Berseria	Japanese	NTSC-J	N/A	BLJS-10330
BLJS-10333	BlazBlue: Centralfiction	N/A	NTSC-J	N/A	BLJS-10333
BLJS-10334	Guilty Gear Xrd: Revelator	Japanese	NTSC-J	N/A	BLJS-10334
BLJS-10335	Super Robot Taisen OG: The Moon Dwellers	N/A	NTSC-J	N/A	BLJS-10335
BLJS-10336	Shin Hayarigami 2	Japanese	NTSC-J	N/A	BLJS-10336
BLJS-10337	NBA 2K17	Chinese / English / French / German / Italian / Japanese / Spanish	NTSC-U	N/A	BLJS-10337
BLJS-20001	NBA 2K18	Chinese / English / French / German / Italian / Japanese / Spanish	NTSC-U	N/A	BLJS-20001
BLJS-50002	Mobile Suit Gundam: Target in Sight	N/A	NTSC-J	N/A	BLJS-50002
BLJS-50003	Ninja Gaiden Sigma	English / Japanese	NTSC-J	N/A	BLJS-50003
BLJS-50004	Enchant Arm	N/A	NTSC-J	N/A	BLJS-50004
BLJS-50005	The Elder Scrolls IV: Oblivion	Japanese	NTSC-J	N/A	BLJS-50005
BLJS-50006	Makai Senki Disgaea 3	Japanese	NTSC-J	N/A	BLJS-50006
BLJS-50007	Soulcalibur IV	English / French / German / Italian / Japanese / Spanish	NTSC-J	N/A	BLJS-50007
BLJS-50009	Samurai Dou 3 Plus	Japanese	NTSC-J	N/A	BLJS-50009
BLJS-50010	Ridge Racer 7	English / Japanese	NTSC-J	N/A	BLJS-50010
BLJS-50011	Mobile Suit Gundam: Target in Sight	N/A	NTSC-J	N/A	BLJS-50011
BLJS-50012	Fallout 3	Japanese	NTSC-J	N/A	BLJS-50012
BLJS-50013	Katamari Damashii Tribute	Japanese	NTSC-J	N/A	BLJS-50013
BLJS-50014	Naruto: Narutimate Storm	Japanese	NTSC-J	N/A	BLJS-50014
BLJS-50017	Tekken 6	N/A	NTSC-J	N/A	BLJS-50017
BLJS-50019	Dragon Age: Origins	Japanese	NTSC-J	N/A	BLJS-50019
BLJS-50021	Samurai Dou 4 Plus	Japanese	NTSC-J	N/A	BLJS-50021
BLJS-50026	No More Heroes: Red Zone Edition	Japanese	NTSC-J	N/A	BLJS-50026
BLJS-50027	Kidou Senshi Gundam: Extreme Vs.	Japanese	NTSC-J	N/A	BLJS-50027
BLJS-50028	Ace Combat: Assault Horizon	Japanese	NTSC-J	N/A	BLJS-50028
BLJS-50036	Tales of Xillia	Japanese	NTSC-J	N/A	BLJS-50036
BLJS-50039	BlazBlue: Chronophantasma	Japanese	NTSC-J	N/A	BLJS-50039
BLJS-50043	Kidou Senshi Gundam: Extreme Vs. Full Boost	Japanese	NTSC-J	N/A	BLJS-50043
BLJS-92001	Short Peace: Tsukigime Ranko no Ichiban Nagai Hi	Japanese	NTSC-J	N/A	BLJS-92001
BLJS-93001	Gekijouban Macross F: Itsuwari no Uta-hime: Hybrid Pack	Japanese	NTSC-J	N/A	BLJS-93001
BLJS-93002	Tekken Hybrid	English / French / German / Italian / Japanese / Korean / Spanish	NTSC-J	N/A	BLJS-93002
BLJS-93003	Dot Hack: Sekai no Mukou ni + Versus: Hybrid Pack	N/A	NTSC-J	N/A	BLJS-93003
BLJS-93004	Gekijouban Macross F: Sayonara no Tsubasa: Hybrid Pack	N/A	NTSC-J	N/A	BLJS-93004
BLJS-93007	Chou Jikuu Yousai Macross: Ai Oboete Imasu ka: Hybrid Pack	Japanese	NTSC-J	N/A	BLJS-93007
BLJS-93009	Rinne no Lagrange: Kamogawa Days: Game & OVA Hybrid Disc	N/A	NTSC-J	N/A	BLJS-93009
BLJS-93010	Eureka Seven AO: Jungfrau no Hanabana-tachi: Game & OVA Hybrid Disc	N/A	NTSC-J	N/A	BLJS-93010
BLJS-93011	Eureka Seven AO: Jungfrau no Hanabana-tachi: Game & OVA Hybrid Disc	N/A	NTSC-J	N/A	BLJS-93011
BLJS-93013	Nerawareta Gakuen: Gekijouban Anime & Kanzenban Shiryoushuu: Hybrid Disc	Japanese	NTSC-J	N/A	BLJS-93013
BLJS-93014	Gekijouban Macross F: 30th d Shudisuta b Box: Project F: Ultimate Hybrid Disc	Japanese	NTSC-J	N/A	BLJS-93014
BLJS-93020	Tales of Zestiria	Japanese	NTSC-J	N/A	BLJS-93020
BLJX-94001	FromSoftware HD Visual Preview Disc	Japanese	NTSC-J	N/A	BLJX-94001
BLJX-94002	Yamasa Digi World SP: Pachi-Slot Sengoku Musou	N/A	NTSC-J	N/A	BLJX-94002
BLJX-94003	Minna no Golf 5	N/A	NTSC-J	N/A	BLJX-94003
BLJX-94004	World Soccer Winning Eleven 2009	English / Japanese	NTSC-J	N/A	BLJX-94004
BLJX-94005	Final Fantasy XIII	N/A	NTSC-J	N/A	BLJX-94005
BLJX-94006	Square Enix Magazine Demo Disc Vol. 1	N/A	NTSC-J	N/A	BLJX-94006
BLJX-94009	Metal Gear Rising: Revengeance	Japanese	NTSC-J	N/A	BLJX-94009
BLKS-20020	Spider-Man 3	English	NTSC-J	N/A	BLKS-20020
BLKS-20021	Star Wars: The Force Unleashed	English / French / German / Italian / Spanish	NTSC-J	N/A	BLKS-20021
BLKS-20024	Skate.	English	NTSC-J	N/A	BLKS-20024
BLKS-20025	Fracture	English / French / German / Italian / Japanese / Korean / Spanish	NTSC-J	N/A	BLKS-20025
BLKS-20037	WWE SmackDown vs. Raw 2008	N/A	NTSC-J	N/A	BLKS-20037
BLKS-20043	Conan	English / French	NTSC-J	N/A	BLKS-20043
BLKS-20048	Call of Duty 4: Modern Warfare	Korean	NTSC-J	N/A	BLKS-20048
BLKS-20049	Assassin's Creed	Korean	NTSC-J	N/A	BLKS-20049
BLKS-20055	Lost Planet: Extreme Condition	English / French / German / Italian / Japanese / Korean / Spanish	NTSC-J	N/A	BLKS-20055
BLKS-20061	Makai Senki Disgaea 3	N/A	NTSC-J	N/A	BLKS-20061
BLKS-20063	Record of Agarest War	Korean	NTSC-J	N/A	BLKS-20063
BLKS-20064	MX vs. ATV Untamed	English	NTSC-J	N/A	BLKS-20064
BLKS-20067	Tom Clancy's Rainbow Six: Vegas 2	English / French / German / Italian / Spanish	NTSC-U	N/A	BLKS-20067
BLKS-20073	Grand Theft Auto IV	English / French / German / Italian / Spanish	NTSC-J	N/A	BLKS-20073
BLKS-20076	Saints Row 2	English / Korean	NTSC-J	N/A	BLKS-20076
BLKS-20078	Grid	N/A	NTSC-J	N/A	BLKS-20078
BLKS-20080	Tom Clancy's Ghost Recon: Advanced Warfighter 2	N/A	NTSC-J	N/A	BLKS-20080
BLKS-20087	Dead Space	English / French / Spanish	NTSC-U	N/A	BLKS-20087
BLKS-20088	007: Quantum of Solace	Korean	NTSC-J	N/A	BLKS-20088
BLKS-20094	Mirror's Edge	Korean	NTSC-J	N/A	BLKS-20094
BLKS-20100	Prince of Persia	English / Korean	NTSC-J	N/A	BLKS-20100
BLKS-20101	FIFA 09	English / Korean	NTSC-J	N/A	BLKS-20101
BLKS-20110	Street Fighter IV	English / French / German / Italian / Japanese / Korean / Spanish	NTSC-U	N/A	BLKS-20110
BLKS-20112	X Edge	Korean	NTSC-J	N/A	BLKS-20112
BLKS-20117	Resident Evil 5 ~ Biohazard 5	English / French / German / Italian / Japanese / Spanish	NTSC-J	N/A	BLKS-20117
BLKS-20119	F.E.A.R. 2: Project Origin	English / French / German / Italian / Spanish	NTSC-J	N/A	BLKS-20119
BLKS-20124	DreamWorks Monsters vs. Aliens	English / French	NTSC-J	N/A	BLKS-20124
BLKS-20130	Pro Yagu Spirits 6: Professional Baseball Spirits	Japanese	NTSC-J	N/A	BLKS-20130
BLKS-20135	Mussang Orochi Z	Korean	NTSC-J	N/A	BLKS-20135
BLKS-20140	Record of Agarest War	Korean	NTSC-J	N/A	BLKS-20140
BLKS-20146	BioShock 2	English / Korean	NTSC-J	N/A	BLKS-20146
BLKS-20153	FIFA 10	Korean	NTSC-J	N/A	BLKS-20153
BLKS-20157	Operation Flashpoint: Dragon Rising	English / French / Spanish	NTSC-J	N/A	BLKS-20157
BLKS-20159	Call of Duty: Modern Warfare 2	English	NTSC-U	N/A	BLKS-20159
BLKS-20163	Jin Samguk Mussang: Multi Raid Special	Korean	NTSC-J	N/A	BLKS-20163
BLKS-20174	Darksiders	English / French / Spanish	NTSC-U	N/A	BLKS-20174
BLKS-20191	Hokuto Musou	Japanese	NTSC-J	N/A	BLKS-20191
BLKS-20193	Prince of Persia: The Forgotten Sands	Korean	NTSC-J	N/A	BLKS-20193
BLKS-20205	Sengoku Basara 3	Japanese	NTSC-J	N/A	BLKS-20205
BLKS-20206	Silhwang Powerful Pro Yagu 2010	Japanese	NTSC-J	N/A	BLKS-20206
BLKS-20213	Dead Rising 2	English / French / Italian / Japanese / Korean / Spanish	NTSC-J	N/A	BLKS-20213
BLKS-20220	World Soccer Winning Eleven 2011	Korean	NTSC-J	N/A	BLKS-20220
BLKS-20241	Cho Chawon Game Neptune	Korean	NTSC-J	N/A	BLKS-20241
BLKS-20248	Marvel vs. Capcom 3: Fate of Two Worlds	English / French / German / Italian / Japanese / Spanish	NTSC-J	N/A	BLKS-20248
BLKS-20260	Dead Space 2	English / French / Spanish	NTSC-U	N/A	BLKS-20260
BLKS-20264	Tom Clancy's Ghost Recon: Future Soldier	Danish / Dutch / English / French / German / Italian / Norwegian / Portuguese / Spanish / Swedish	PAL	N/A	BLKS-20264
BLKS-20272	Shin Sangoku Musou 6	Japanese	NTSC-J	N/A	BLKS-20272
BLKS-20294	Tom Clancy's Splinter Cell Trilogy	English / French / German / Italian / Spanish	NTSC-U	N/A	BLKS-20294
BLKS-20300	Record of Agarest War 2	Korean	NTSC-J	N/A	BLKS-20300
BLKS-20301	World Soccer Winning Eleven 2012	Korean	NTSC-J	N/A	BLKS-20301
